Symbol,ISIN,Trade Date,Exchange,Segment,Series,Trade Type,Auction,Quantity,Price,Trade ID,Order ID,Order Execution Time
N100-E,INF247L01031,2021-01-18,BSE,EQ,E,buy,False,5,922.73,47700,1610941500022002046,2021-01-18T10:19:59
AMBUJACEM,INE079A01024,2021-02-02,NSE,EQ,EQ,buy,False,15,270.5,1612116,1000000007042480,2021-02-02T10:11:21
INDIACEM,INE383A01012,2021-02-02,NSE,EQ,EQ,buy,False,5,164.6,26964794,1100000006904134,2021-02-02T10:11:39
INDIGO,INE646L01027,2021-02-05,NSE,EQ,EQ,buy,False,3,1693.0,28664632,1100000014276069,2021-02-05T12:24:03
TATAPOWER,INE245A01021,2021-02-05,NSE,EQ,EQ,buy,False,4,89.4,79391324,1300000014765284,2021-02-05T12:27:30
BURGERKING,INE07T201019,2021-06-07,NSE,EQ,EQ,buy,False,42,163.5,4470436,1000000013751185,2021-06-07T13:01:15
PFC,INE134E01011,2021-06-24,NSE,EQ,EQ,buy,False,50,122.6,52983532,1200000005226725,2021-06-24T13:54:17
PFC,INE134E01011,2021-06-24,NSE,EQ,EQ,buy,False,20,122.6,53036745,1200000005226725,2021-06-24T14:01:40
NTPC,INE733E01010,2021-07-07,NSE,EQ,EQ,buy,False,55,117.65,53118274,1200000007806491,2021-07-07T13:29:41
POWERGRID,INE752E01010,2021-07-07,NSE,EQ,EQ,buy,False,19,229.5,53119960,1200000007771255,2021-07-07T13:29:56
POWERGRID,INE752E01010,2021-07-07,NSE,EQ,EQ,buy,False,1,229.5,53119961,1200000007771255,2021-07-07T13:29:56
ASHOKLEY,INE208A01029,2021-07-07,NSE,EQ,EQ,buy,False,15,123.2,2941859,1000000011725160,2021-07-07T14:01:38
LT,INE018A01030,2021-07-30,NSE,EQ,EQ,buy,False,2,1592.8,52701141,1200000009952515,2021-07-30T11:50:03
RELIANCE,INE002A01018,2020-02-14,NSE,EQ,EQ,buy,False,2,1486.55,77683210,1300000008764305,2020-02-14T14:46:13
YESBANK,INE528G01027,2020-02-14,NSE,EQ,EQ,buy,False,50,38.9,77852170,1300000009246556,2020-02-14T15:04:38
YESBANK,INE528G01027,2020-02-18,NSE,EQ,EQ,sell,False,50,34.8,75848625,1300000002818332,2020-02-18T10:30:41
IRCTC,INE335Y01012,2020-02-19,NSE,EQ,EQ,buy,False,1,1677.6,25057308,1100000000260790,2020-02-19T09:16:17
IRCTC,INE335Y01012,2020-02-19,NSE,EQ,EQ,buy,False,1,1723.7,25697819,1100000002096992,2020-02-19T09:59:30
FOODSIN-X,INE976E01023,2020-02-20,BSE,EQ,X,buy,False,15,56.0,825900,1582169400002684295,2020-02-20T09:46:32
IDEA,INE669E01016,2020-02-20,BSE,EQ,A,buy,False,100,4.78,7046000,1582169400001178374,2020-02-20T10:16:18
IDEA,INE669E01016,2020-02-20,BSE,EQ,A,sell,False,100,4.71,9817600,1582169400001215246,2020-02-20T10:47:36
IDEA,INE669E01016,2020-02-20,BSE,EQ,A,buy,False,200,4.68,10647100,1582169400001252244,2020-02-20T11:00:55
IDEA,INE669E01016,2020-02-20,BSE,EQ,A,sell,False,200,4.63,11646800,1582169400001256159,2020-02-20T11:22:33
IRCTC,INE335Y01012,2020-02-24,NSE,EQ,EQ,sell,False,2,1846.0,25342625,1100000000922662,2020-02-24T09:25:06
IRCTC,INE335Y01012,2020-02-24,NSE,EQ,EQ,buy,False,2,1872.0,25557068,1100000001460481,2020-02-24T09:36:18
TATAPOWER,INE245A01021,2020-02-24,NSE,EQ,EQ,buy,False,10,52.1,76928302,1300000005174103,2020-08-11T13:44:08
FOODSIN-X,INE976E01023,2020-02-25,BSE,EQ,X,sell,False,15,57.0,2869700,1582601400002762840,2020-08-11T13:44:09
IRCTC,INE335Y01012,2020-03-02,NSE,EQ,EQ,sell,False,2,1724.95,29329788,1100000009788524,2020-08-11T13:44:10
IRCTC,INE335Y01012,2020-03-11,NSE,EQ,EQ,buy,False,2,1283.75,25112734,1100000000318173,2020-08-11T13:44:11
TATAPOWER,INE245A01021,2020-03-11,NSE,EQ,EQ,buy,False,2,39.6,75412990,1300000000946832,2020-08-11T13:44:12
POLYCAB,INE455K01017,2020-03-11,NSE,EQ,EQ,buy,False,1,1017.0,50382248,1200000000911357,2020-08-11T13:44:13
IRCTC,INE335Y01012,2020-03-11,NSE,EQ,EQ,sell,False,1,1297.0,25896151,1100000002421494,2020-08-11T13:44:14
IRCTC,INE335Y01012,2020-03-11,NSE,EQ,EQ,sell,False,1,1296.95,25896195,1100000002421494,2020-08-11T13:44:15
POLYCAB,INE455K01017,2020-03-13,NSE,EQ,EQ,sell,False,1,850.0,50618057,1200000001182394,2020-08-11T13:44:16
TATAPOWER,INE245A01021,2020-03-13,NSE,EQ,EQ,buy,False,2,40.95,76033265,1300000002481357,2020-08-11T13:44:17
N100,INF247L01031,2020-03-16,NSE,EQ,EQ,buy,False,4,559.95,50045618,1200000000156823,2020-08-11T13:44:18
YESBANK,INE528G01035,2020-03-16,NSE,EQ,EQ,buy,False,10,34.0,75151619,1300000000601770,2020-08-11T13:44:19
YESBANK,INE528G01035,2020-03-16,NSE,EQ,EQ,buy,False,5,32.5,75235621,1300000000755546,2020-08-11T13:44:20
YESBANK,INE528G01035,2020-03-16,NSE,EQ,EQ,sell,False,15,33.75,75553312,1300000001842153,2020-08-11T13:44:21
HDFCBANK,INE040A01034,2020-03-16,NSE,EQ,EQ,buy,False,1,1005.0,28341097,1100000005263481,2020-08-11T13:44:22
AUROPHARMA,INE406A01037,2020-03-16,NSE,EQ,EQ,buy,False,3,410.0,3401809,1000000011372021,2020-08-11T13:44:23
AUROPHARMA,INE406A01037,2020-03-16,NSE,EQ,EQ,sell,False,3,404.65,4507473,1000000015988770,2020-08-11T13:44:24
AUROPHARMA,INE406A01037,2020-03-17,NSE,EQ,EQ,buy,False,3,409.0,202762,1000000000202740,2020-08-11T13:44:25
APOLLOTYRE,INE438A01022,2020-03-17,NSE,EQ,EQ,buy,False,5,95.0,226582,1000000000351181,2020-08-11T13:44:26
KOTAKBANK,INE237A01028,2020-03-23,NSE,EQ,EQ,sell,False,2,1163.75,50383165,1200000001026167,2020-08-11T13:44:27
KOTAKBANK,INE237A01028,2020-03-23,NSE,EQ,EQ,buy,False,2,1151.0,50505111,1200000001260840,2020-08-11T13:44:28
KOTAKBANK,INE237A01028,2020-03-23,NSE,EQ,EQ,sell,False,2,1140.15,50581248,1200000001597774,2020-08-11T13:44:29
KOTAKBANK,INE237A01028,2020-03-23,NSE,EQ,EQ,buy,False,2,1140.0,50598211,1200000001630724,2020-08-11T13:44:30
LT,INE018A01030,2020-03-23,NSE,EQ,EQ,sell,False,2,714.35,51937008,1200000005772612,2020-08-11T13:44:31
LT,INE018A01030,2020-03-23,NSE,EQ,EQ,buy,False,2,710.0,52370928,1200000005791594,2020-08-11T13:44:32
KOTAKBANK,INE237A01028,2020-03-24,NSE,EQ,EQ,buy,False,2,1139.25,50019176,1200000000084868,2020-08-11T13:44:33
AXISBANK,INE238A01034,2020-03-24,NSE,EQ,EQ,buy,False,2,330.75,47067,1000000000151804,2020-08-11T13:44:34
PVR,INE191H01014,2020-03-24,NSE,EQ,EQ,sell,False,1,1182.25,50150074,1200000000435030,2020-08-11T13:44:35
ASHOKLEY,INE208A01029,2020-03-24,NSE,EQ,EQ,buy,False,5,37.0,239485,1000000000373030,2020-08-11T13:44:36
PVR,INE191H01014,2020-03-24,NSE,EQ,EQ,buy,False,1,1172.6,50209187,1200000000609292,2020-08-11T13:44:37
PVR,INE191H01014,2020-03-24,NSE,EQ,EQ,buy,False,1,1150.0,50292578,1200000000564864,2020-08-11T13:44:38
PVR,INE191H01014,2020-03-24,NSE,EQ,EQ,sell,False,1,1140.0,50301862,1200000000876192,2020-08-11T13:44:39
PVR,INE191H01014,2020-03-24,NSE,EQ,EQ,sell,False,1,1155.0,50369764,1200000001075376,2020-08-11T13:44:40
PVR,INE191H01014,2020-03-24,NSE,EQ,EQ,sell,False,1,1175.0,50422043,1200000001225138,2020-08-11T13:44:41
PVR,INE191H01014,2020-03-24,NSE,EQ,EQ,sell,False,1,1203.05,51392539,1200000004220246,2020-08-11T13:44:42
PVR,INE191H01014,2020-03-24,NSE,EQ,EQ,sell,False,1,1216.1,51536996,1200000004650171,2020-08-11T13:44:43
PVR,INE191H01014,2020-03-24,NSE,EQ,EQ,buy,False,4,1305.0,52078886,1200000006322779,2020-08-11T13:44:44
PVR,INE191H01014,2020-03-25,NSE,EQ,EQ,sell,False,1,1273.0,50301630,1200000000902044,2020-08-11T13:44:45
PVR,INE191H01014,2020-03-25,NSE,EQ,EQ,buy,False,1,1266.0,50329362,1200000000923808,2020-08-11T13:44:46
PVR,INE191H01014,2020-03-25,NSE,EQ,EQ,buy,False,1,1299.0,50440770,1200000001261079,2020-08-11T13:44:47
PVR,INE191H01014,2020-03-25,NSE,EQ,EQ,sell,False,1,1303.0,50494160,1200000001311764,2020-08-11T13:44:48
LT,INE018A01030,2020-03-25,NSE,EQ,EQ,buy,False,2,765.75,53516751,1200000010167373,2020-08-11T13:44:49
IRCTC,INE335Y01012,2020-03-26,NSE,EQ,EQ,buy,False,1,856.15,30614967,1100000004469881,2020-08-11T13:44:50
IDEA,INE669E01016,2020-05-29,BSE,EQ,A,buy,False,320,7.34,16102200,1590723000000539860,2020-08-11T13:44:51
IRCTC,INE335Y01012,2020-06-17,NSE,EQ,EQ,sell,False,1,1399.5,28504755,1100000009987258,2020-08-11T13:44:52
INFY,INE009A01021,2020-06-18,NSE,EQ,EQ,buy,False,2,711.05,27771908,1100000006521054,2020-08-11T13:44:53
GLENMARK,INE935A01035,2020-06-22,NSE,EQ,EQ,buy,False,4,533.05,29875497,1100000012749399,2020-08-11T13:44:54
GLENMARK,INE935A01035,2020-06-23,BSE,EQ,A,sell,False,4,476.8,28757900,1592888320291820178,2020-08-11T13:44:55
PIDILITIND,INE318A01026,2020-07-07,NSE,EQ,EQ,buy,False,2,1406.0,51298217,1200000003769678,2020-08-11T13:44:56
IDEA,INE669E01016,2020-07-28,BSE,EQ,A,sell,False,320,7.86,19866300,1595907000031362627,2020-08-11T13:44:57
ASIANPAINT,INE021A01026,2020-08-11,NSE,EQ,EQ,buy,False,1,1800.25,3091770,1000000010136282,2020-08-11T13:44:58
ITC,INE154A01025,2021-10-18,NSE,EQ,EQ,buy,False,20,258.1,26183815,1100000002829335,2021-10-18T09:28:00
WEBELSOLAR,INE855C01015,2021-10-18,NSE,EQ,EQ,buy,False,55,83.75,76373967,1300000003515500,2021-10-18T09:35:34
NATIONALUM,INE139A01034,2021-10-18,NSE,EQ,EQ,buy,False,80,120.55,50990818,1200000001896002,2021-10-18T09:36:58
HINDALCO,INE038A01020,2021-10-18,NSE,EQ,EQ,buy,False,13,544.0,27448916,1100000006588917,2021-10-18T09:59:45
TATAPOWER,INE245A01021,2021-10-18,NSE,EQ,EQ,buy,False,60,255.6,82259722,1300000019727800,2021-10-18T13:49:27
TATAPOWER,INE245A01021,2021-10-18,NSE,EQ,EQ,buy,False,120,255.65,82259723,1300000019727800,2021-10-18T13:49:27
ASHOKLEY,INE208A01029,2021-10-18,NSE,EQ,EQ,buy,False,35,144.7,4195799,1000000014652728,2021-10-18T13:51:11
TATAPOWER,INE245A01021,2021-10-18,NSE,EQ,EQ,sell,False,180,257.85,84384452,1300000024891549,2021-10-18T15:21:57
ASHOKLEY,INE208A01029,2021-10-18,NSE,EQ,EQ,sell,False,35,144.7,5605044,1000000018644700,2021-10-18T15:22:14
PIDILITIND,INE318A01026,2021-10-19,NSE,EQ,EQ,sell,False,2,2514.0,50518502,1200000001591772,2021-10-19T09:25:33
TATAPOWER,INE245A01021,2021-10-19,NSE,EQ,EQ,sell,False,18,254.1,75868935,1300000002299940,2021-10-19T09:25:38
LT,INE018A01030,2021-10-19,NSE,EQ,EQ,sell,False,4,1841.0,50583294,1200000002018387,2021-10-19T09:27:32
INFY,INE009A01021,2021-10-19,NSE,EQ,EQ,sell,False,2,1799.4,25850664,1100000002614786,2021-10-19T09:28:18
ASIANPAINT,INE021A01026,2021-10-19,NSE,EQ,EQ,sell,False,1,3248.4,520699,1000000001842190,2021-10-19T09:28:43
AUROPHARMA,INE406A01037,2021-10-19,NSE,EQ,EQ,sell,False,3,724.45,529936,1000000001876646,2021-10-19T09:29:02
INDIACEM,INE383A01012,2021-10-19,NSE,EQ,EQ,sell,False,5,217.7,25898778,1100000002779024,2021-10-19T09:29:42
AMBUJACEM,INE079A01024,2021-10-19,NSE,EQ,EQ,sell,False,15,407.85,552874,1000000001960999,2021-10-19T09:29:56
RELIANCE,INE002A01018,2021-10-19,NSE,EQ,EQ,sell,False,2,2723.1,76139076,1300000003112761,2021-10-19T09:31:08
IDEA,INE669E01016,2021-10-20,NSE,EQ,EQ,sell,False,3500,10.35,27043812,1100000006210532,2021-10-20T09:49:48
IDEA,INE669E01016,2021-10-20,NSE,EQ,EQ,sell,False,500,10.45,27697259,1100000008015620,2021-10-20T10:02:23
IDEA,INE669E01016,2021-10-20,NSE,EQ,EQ,buy,False,4000,10.65,34873204,1100000029569994,2021-10-20T15:22:46
ONGC,INE213A01029,2021-10-21,NSE,EQ,EQ,buy,False,120,157.8,52117208,1200000009332240,2021-10-21T10:57:53
AXISBANK,INE238A01034,2021-11-26,NSE,EQ,EQ,sell,False,2,666.8,3547601,1000000016044345,2021-11-26T12:21:09
HDFCBANK,INE040A01034,2021-11-26,NSE,EQ,EQ,sell,False,1,1494.9,29452943,1100000015730773,2021-11-26T12:22:11
KOTAKBANK,INE237A01028,2021-11-26,NSE,EQ,EQ,sell,False,2,1963.4,54153132,1200000016277262,2021-11-26T12:22:54
VEDL,INE205A01025,2022-09-13,NSE,EQ,EQ,buy,False,90,273.95,75562373,1300000002196285,2022-09-13T09:30:33
VEDL,INE205A01025,2022-09-13,NSE,EQ,EQ,buy,False,19,273.9,75610913,1300000002386529,2022-09-13T09:32:30
VEDL,INE205A01025,2022-09-15,NSE,EQ,EQ,sell,False,109,316.4,79887831,1300000022532717,2022-09-15T14:36:54
WEBELSOLAR,INE855C01015,2023-02-14,NSE,EQ,EQ,sell,False,55,84.7,76526726,1300000008192752,2023-02-14T10:58:09
ASHOKLEY,INE208A01029,2023-02-14,NSE,EQ,EQ,sell,False,20,148.4,1935465,1000000009738869,2023-02-14T10:59:06
APOLLOTYRE,INE438A01022,2023-02-16,NSE,EQ,EQ,sell,False,5,332.1,2692405,1000000012040915,2023-02-16T12:03:23
DELHIVERY,INE148O01028,2023-02-23,NSE,EQ,EQ,buy,False,10,341.7,26543055,1100000009264100,2023-02-23T10:45:01
DELHIVERY,INE148O01028,2023-02-23,NSE,EQ,EQ,buy,False,6,341.7,26543056,1100000009264100,2023-02-23T10:45:01
DELHIVERY,INE148O01028,2023-02-23,NSE,EQ,EQ,buy,False,10,341.7,26543054,1100000009264100,2023-02-23T10:45:01
MON100,INF247L01AP3,2023-03-08,NSE,EQ,EQ,sell,False,10,98.09,52516112,1200000015589711,2023-03-08T12:36:14
MON100,INF247L01AP3,2023-03-08,NSE,EQ,EQ,sell,False,80,98.08,52516113,1200000015589711,2023-03-08T12:36:14
ONGC,INE213A01029,2023-03-08,NSE,EQ,EQ,sell,False,120,157.6,52531736,1200000015707577,2023-03-08T12:38:18
HINDUNILVR,INE030A01027,2023-03-08,NSE,EQ,EQ,buy,False,1,2488.2,27651028,1100000014689675,2023-03-08T12:41:28
HINDUNILVR,INE030A01027,2023-03-08,NSE,EQ,EQ,buy,False,6,2488.2,27651029,1100000014689675,2023-03-08T12:41:28
HINDUNILVR,INE030A01027,2023-03-10,NSE,EQ,EQ,buy,False,1,2464.6,27604340,1100000016083970,2023-03-10T12:48:31
PAYTM,INE982J01020,2023-03-14,NSE,EQ,EQ,buy,False,13,590.45,51067799,1200000005614284,2023-03-14T10:09:42
NATIONALUM,INE139A01034,2023-03-14,NSE,EQ,EQ,sell,False,3,82.05,51114242,1200000005828493,2023-03-14T10:14:00
PAYTM,INE982J01020,2023-03-14,NSE,EQ,EQ,buy,False,1,590.75,51122216,1200000005876045,2023-03-14T10:14:45
SETFNIF50,INF200KA1FS1,2023-06-21,NSE,EQ,EQ,buy,False,128,195.52,77153341,1300000009905234,2023-06-21T10:54:46
INDIGO,INE646L01027,2023-06-28,NSE,EQ,EQ,buy,False,4,2587.75,29286196,1100000026615933,2023-06-28T14:31:19
INDIGO,INE646L01027,2023-07-05,NSE,EQ,EQ,buy,False,1,2662.2,24392297,1100000024048002,2023-07-05T13:29:29
INDIGO,INE646L01027,2023-07-05,NSE,EQ,EQ,buy,False,1,2662.2,24392298,1100000024048002,2023-07-05T13:29:29
SETFNIF50,INF200KA1FS1,2023-07-10,NSE,EQ,EQ,buy,False,11,201.19,64496524,1300000026229867,2023-07-10T14:22:13
SETFNIF50,INF200KA1FS1,2023-07-10,NSE,EQ,EQ,buy,False,39,201.21,64496525,1300000026229867,2023-07-10T14:22:13
HINDUNILVR,INE030A01027,2023-07-11,NSE,EQ,EQ,buy,False,1,2696.9,24317792,1100000023807128,2023-07-11T13:46:46
ITC,INE154A01025,2023-07-11,NSE,EQ,EQ,buy,False,2,472.55,24327364,1100000023856105,2023-07-11T13:47:29
ITC,INE154A01025,2023-07-11,NSE,EQ,EQ,buy,False,2,472.55,24327365,1100000023856105,2023-07-11T13:47:29
HDFCSML250,INF179KC1FB2,2023-07-11,NSE,EQ,EQ,buy,False,2,108.56,24520779,1100000024934756,2023-07-11T14:01:24
NATIONALUM,INE139A01034,2023-07-12,NSE,EQ,EQ,sell,False,50,83.55,40865366,1200000004354058,2023-07-12T09:35:56
HINDALCO,INE038A01020,2023-07-12,NSE,EQ,EQ,sell,False,1,424.75,20690712,1100000004213749,2023-07-12T09:37:13
HINDALCO,INE038A01020,2023-07-12,NSE,EQ,EQ,sell,False,6,424.75,20690711,1100000004213749,2023-07-12T09:37:13
LT,INE018A01030,2023-07-12,NSE,EQ,EQ,buy,False,1,2452.25,43207584,1200000018775063,2023-07-12T12:03:19
HDFCSML250,INF179KC1FB2,2023-07-12,NSE,EQ,EQ,buy,False,7,109.19,23068366,1100000018642978,2023-07-12T12:04:44
HDFCSML250,INF179KC1FB2,2023-07-12,NSE,EQ,EQ,buy,False,3,109.2,23068367,1100000018642978,2023-07-12T12:04:44
JSWENERGY,INE121E01018,2023-07-12,NSE,EQ,EQ,buy,False,7,309.6,44142752,1200000024946101,2023-07-12T13:22:19
TATACOMM,INE151A01013,2023-07-12,NSE,EQ,EQ,buy,False,4,1614.0,64892653,1300000025859922,2023-07-12T14:38:48
LT,INE018A01030,2023-07-12,NSE,EQ,EQ,buy,False,1,2471.95,45230135,1200000031484458,2023-07-12T14:39:35
HDFCNIF100,INF179KC1DB7,2023-07-12,NSE,EQ,EQ,buy,False,6,195.64,25144225,1100000030326209,2023-07-12T14:40:32
HDFCSML250,INF179KC1FB2,2023-07-12,NSE,EQ,EQ,buy,False,18,109.24,25196940,1100000030575555,2023-07-12T14:43:28
HDFCNIF100,INF179KC1DB7,2023-07-13,BSE,EQ,B,buy,False,1,195.0,916000,1689219900008039165,2023-07-13T10:24:08
HDFCNIF100,INF179KC1DB7,2023-07-13,BSE,EQ,B,buy,False,4,196.0,916200,1689219900008039165,2023-07-13T10:24:08
HDFCNIF100,INF179KC1DB7,2023-07-13,NSE,EQ,EQ,buy,False,2,195.8,21716972,1100000009750540,2023-07-13T10:25:46
MOM100,INF247L01023,2023-07-14,NSE,EQ,EQ,buy,False,2,38.6,43685784,1200000024961613,2023-07-14T13:29:54
MOM100,INF247L01023,2023-07-14,NSE,EQ,EQ,buy,False,1,38.6,43685785,1200000024961613,2023-07-14T13:29:54
MOM100,INF247L01023,2023-07-14,NSE,EQ,EQ,buy,False,72,38.6,43685786,1200000024961613,2023-07-14T13:29:54
INDIGO,INE646L01027,2023-07-14,NSE,EQ,EQ,buy,False,2,2634.1,23911484,1100000021796675,2023-07-14T13:31:45
JSWENERGY,INE121E01018,2023-07-17,BSE,EQ,A,buy,False,5,294.25,82951900,1689576597231165961,2023-07-17T12:24:23
SETFNIF50,INF200KA1FS1,2023-07-17,NSE,EQ,EQ,buy,False,3,203.9,63781408,1300000019504118,2023-07-17T12:25:27
HDFCNIF100,INF179KC1DB7,2023-07-18,NSE,EQ,EQ,buy,False,15,198.0,21716177,1100000009319589,2023-07-18T10:20:23
HDFCBANK,INE040A01034,2023-07-18,NSE,EQ,EQ,buy,False,3,1688.45,21723513,1100000009359486,2023-07-18T10:20:55
LT,INE018A01030,2023-07-18,NSE,EQ,EQ,buy,False,1,2473.0,41477324,1200000009037413,2023-07-18T10:22:07
SETFNIF50,INF200KA1FS1,2023-07-18,NSE,EQ,EQ,buy,False,5,205.3,61872091,1300000009854300,2023-07-18T10:22:53
JSWENERGY,INE121E01018,2023-07-19,BSE,EQ,A,buy,False,2,295.4,63702300,1689749077537934233,2023-07-19T12:31:30
SUZLON,INE040H01021,2023-07-24,NSE,EQ,EQ,buy,False,50,20.5,62258135,1300000010338240,2023-07-24T10:19:05
NHPC,INE848E01016,2023-07-24,NSE,EQ,EQ,buy,False,20,48.6,41579071,1200000009267408,2023-07-24T10:21:25
M&M,INE101A01026,2023-07-24,NSE,EQ,EQ,buy,False,3,1546.5,41639497,1200000009682914,2023-07-24T10:25:30
M&M,INE101A01026,2023-07-24,NSE,EQ,EQ,buy,False,2,1546.5,41639432,1200000009682914,2023-07-24T10:25:30
IRCON,INE962Y01021,2023-07-24,NSE,EQ,EQ,buy,False,5,95.1,21970905,1100000010089704,2023-07-24T10:27:21
ICICIBANK,INE090A01021,2023-07-24,NSE,EQ,EQ,buy,False,5,1002.5,22122277,1100000010467622,2023-07-24T10:35:20
MSUMI,INE0FS801015,2023-07-24,NSE,EQ,EQ,buy,False,20,58.2,41780112,1200000009938130,2023-07-24T10:35:43
RELIANCE,INE002A01018,2023-07-24,NSE,EQ,EQ,buy,False,3,2502.5,62691796,1300000012070438,2023-07-24T10:39:03
MOM100,INF247L01023,2023-07-24,NSE,EQ,EQ,buy,False,4,39.34,41904704,1200000011493185,2023-07-24T10:45:26
MOM100,INF247L01023,2023-07-24,NSE,EQ,EQ,buy,False,11,39.34,41904705,1200000011493185,2023-07-24T10:45:26
DLF,INE271C01023,2023-07-24,NSE,EQ,EQ,buy,False,5,500.1,22353189,1100000012090822,2023-07-24T10:49:06
TATACOMM,INE151A01013,2023-07-24,NSE,EQ,EQ,buy,False,3,1605.5,62920247,1300000013561198,2023-07-24T10:51:08
HIGHENE-XT,INE783E01023,2023-07-24,BSE,EQ,XT,buy,False,1,523.0,5188200,1690169400001076688,2023-07-24T10:55:56
AMARAJABAT,INE885A01032,2023-07-24,NSE,EQ,EQ,buy,False,3,627.5,1818224,1000000011351404,2023-07-24T11:01:23
SUNPHARMA,INE044A01036,2023-07-24,NSE,EQ,EQ,buy,False,2,1105.25,63463870,1300000015772417,2023-07-24T11:23:02
AXISBANK,INE238A01034,2023-07-26,NSE,EQ,EQ,buy,False,3,973.0,3956897,1000000027053343,2023-07-26T14:00:18
AXISBANK,INE238A01034,2023-07-26,NSE,EQ,EQ,buy,False,3,973.0,3957212,1000000027053343,2023-07-26T14:00:19
BEEKAY-X,INE213D01015,2023-07-26,BSE,EQ,X,buy,False,2,575.0,23411500,1690342200003151165,2023-07-26T14:16:10
SJVN,INE002L01015,2023-07-26,NSE,EQ,EQ,buy,False,18,58.1,65169118,1300000027572613,2023-07-26T14:16:52
HINDUNILVR,INE030A01027,2023-07-28,NSE,EQ,EQ,buy,False,2,2585.0,22355480,1100000013604720,2023-07-28T11:08:53
CESC,INE486A01021,2023-07-28,NSE,EQ,EQ,buy,False,15,76.0,2892069,1000000019268160,2023-07-28T12:52:58
SETFNN50,INF200KA1598,2023-07-31,NSE,EQ,EQ,buy,False,5,475.18,62492680,1300000011958679,2023-07-31T10:55:45
PVRINOX,INE191H01014,2023-07-31,NSE,EQ,EQ,buy,False,2,1564.0,42551325,1200000013554253,2023-07-31T10:56:46
NETWORK18,INE870H01013,2023-07-31,NSE,EQ,EQ,buy,False,35,58.45,42634431,1200000014000869,2023-07-31T11:02:34
HDFCSML250,INF179KC1FB2,2023-08-01,NSE,EQ,EQ,buy,False,10,115.0,20542245,1100000002428766,2023-08-01T09:24:53
CHALET,INE427F01016,2023-08-01,NSE,EQ,EQ,buy,False,2,487.7,437442,1000000002239162,2023-08-01T09:27:11
HINDALCO,INE038A01020,2023-08-01,NSE,EQ,EQ,sell,False,1,469.9,20803443,1100000003688444,2023-08-01T09:32:52
UFLEX,INE516A01017,2023-08-01,NSE,EQ,EQ,buy,False,1,437.9,60797163,1300000003588117,2023-08-01T09:33:12
HINDALCO,INE038A01020,2023-08-01,NSE,EQ,EQ,sell,False,1,468.0,20891527,1100000004116724,2023-08-01T09:35:49
BIKAJI,INE00E101023,2023-08-01,NSE,EQ,EQ,buy,False,2,489.95,643849,1000000003455062,2023-08-01T09:36:14
NTPC,INE733E01010,2023-08-02,NSE,EQ,EQ,sell,False,20,223.7,40436792,1200000002079193,2023-08-02T09:24:07
HINDUNILVR,INE030A01027,2023-08-02,NSE,EQ,EQ,sell,False,6,2540.1,20675439,1100000003150318,2023-08-02T09:28:25
ITC,INE154A01025,2023-08-02,NSE,EQ,EQ,sell,False,10,461.5,21440261,1100000004361846,2023-08-02T09:55:07
PALREDTEC,INE218G01033,2023-08-02,NSE,EQ,EQ,buy,False,12,146.3,41360923,1200000004997545,2023-08-02T10:05:22
BIKAJI,INE00E101023,2023-08-02,NSE,EQ,EQ,buy,False,2,490.1,1228994,1000000007695274,2023-08-02T10:08:11
HDFCSML250,INF179KC1FB2,2023-08-02,NSE,EQ,EQ,buy,False,10,114.0,22272989,1100000006426999,2023-08-02T10:34:41
ETHOSLTD,INE04TZ01018,2023-08-03,NSE,EQ,EQ,buy,False,2,1405.0,22219823,1100000013334126,2023-08-03T10:51:46
ETHOSLTD,INE04TZ01018,2023-08-03,NSE,EQ,EQ,buy,False,1,1431.7,26284051,1100000036754098,2023-08-03T14:59:57
SETFNN50,INF200KA1598,2023-08-07,NSE,EQ,EQ,buy,False,5,471.56,65636554,1300000028048600,2023-08-07T14:17:00
ETHOSLTD,INE04TZ01018,2023-08-07,NSE,EQ,EQ,buy,False,2,1584.55,25272894,1100000028960292,2023-08-07T14:18:24
PALRED,INE218G01033,2023-08-07,BSE,EQ,B,buy,False,4,166.85,46427300,1691391518950528227,2023-08-07T14:19:14
VESUVIUS,INE386A01015,2023-08-08,NSE,EQ,EQ,buy,False,2,3510.0,61312576,1300000005969119,2023-08-08T09:48:16
CHALET,INE427F01016,2023-08-08,NSE,EQ,EQ,buy,False,2,478.25,985823,1000000005906965,2023-08-08T09:54:55
SUNPHARMA,INE044A01036,2023-08-08,NSE,EQ,EQ,buy,False,1,1153.6,61525638,1300000006906708,2023-08-08T09:56:51
HINDUNILVR,INE030A01027,2023-08-08,NSE,EQ,EQ,sell,False,1,2561.05,21582360,1100000007777730,2023-08-08T10:01:01
HINDUNILVR,INE030A01027,2023-08-08,NSE,EQ,EQ,sell,False,1,2561.05,21582361,1100000007777730,2023-08-08T10:01:01
HINDUNILVR,INE030A01027,2023-08-08,NSE,EQ,EQ,sell,False,1,2561.05,21582362,1100000007777730,2023-08-08T10:01:01
HINDUNILVR,INE030A01027,2023-08-08,NSE,EQ,EQ,sell,False,1,2561.05,21582363,1100000007777730,2023-08-08T10:01:01
HINDUNILVR,INE030A01027,2023-08-08,NSE,EQ,EQ,sell,False,1,2561.05,21582359,1100000007777730,2023-08-08T10:01:01
VESUVIUS,INE386A01015,2023-08-08,NSE,EQ,EQ,buy,False,1,3437.0,63441496,1300000008625576,2023-08-08T11:31:15
UFLEX,INE516A01017,2023-08-10,BSE,EQ,A,buy,False,2,425.9,4616400,1691653900200033801,2023-08-10T13:43:57
SETFNN50,INF200KA1598,2023-08-10,NSE,EQ,EQ,buy,False,5,470.1,65443641,1300000028032033,2023-08-10T13:44:08
PVRINOX,INE191H01014,2023-08-10,NSE,EQ,EQ,buy,False,1,1620.0,44434645,1200000028407949,2023-08-10T13:44:48
PAYTM,INE982J01020,2023-08-10,NSE,EQ,EQ,buy,False,2,857.3,44448849,1200000028508759,2023-08-10T13:45:44
HDFCSML250,INF179KC1FB2,2023-08-16,BSE,EQ,B,buy,False,5,113.56,1785300,1692157500022438155,2023-08-16T10:57:20
CHALET,INE427F01016,2023-08-16,BSE,EQ,A,buy,False,2,479.3,55274000,1692163020981331696,2023-08-16T10:59:25
SETFNN50,INF200KA1598,2023-08-17,NSE,EQ,EQ,buy,False,4,463.49,61494015,1300000007179228,2023-08-17T10:05:09
INDIGO,INE646L01027,2023-08-17,NSE,EQ,EQ,buy,False,2,2473.0,21529197,1100000007015996,2023-08-17T10:08:16
UFLEX,INE516A01017,2023-08-31,NSE,EQ,EQ,buy,False,2,485.1,64315364,1300000024704155,2023-08-31T12:58:32
BIKAJI,INE00E101023,2023-08-31,NSE,EQ,EQ,buy,False,3,496.0,3625796,1000000024262834,2023-08-31T13:01:44
SETFNN50,INF200KA1598,2023-08-31,NSE,EQ,EQ,buy,False,5,468.01,65076127,1300000024758582,2023-08-31T13:53:09
CHALET,INE427F01016,2023-09-08,NSE,EQ,EQ,buy,False,2,560.8,4881849,1000000030299712,2023-09-08T14:52:31
CESC,INE486A01021,2023-10-26,NSE,EQ,EQ,sell,False,8,83.2,1624559,1000000010131950,2023-10-26T10:10:09
CESC,INE486A01021,2023-10-26,NSE,EQ,EQ,sell,False,7,83.15,1624560,1000000010131950,2023-10-26T10:10:09
AXISBANK,INE238A01034,2023-10-26,NSE,EQ,EQ,sell,False,6,963.85,1666160,1000000010422580,2023-10-26T10:12:14
BIKAJI,INE00E101023,2023-10-26,NSE,EQ,EQ,sell,False,7,454.35,1670839,1000000010459129,2023-10-26T10:12:30
CHALET,INE427F01016,2023-10-26,BSE,EQ,A,sell,False,4,549.85,53611900,1698294879037007326,2023-10-26T10:12:43
CHALET,INE427F01016,2023-10-26,BSE,EQ,A,sell,False,1,549.9,53611700,1698294879037007326,2023-10-26T10:12:43
CHALET,INE427F01016,2023-10-26,BSE,EQ,A,sell,False,2,549.95,53611500,1698294879037007326,2023-10-26T10:12:43
CHALET,INE427F01016,2023-10-26,BSE,EQ,A,sell,False,1,550.0,53611300,1698294879037007326,2023-10-26T10:12:43
DELHIVERY,INE148O01028,2023-10-26,NSE,EQ,EQ,sell,False,3,411.0,22057468,1100000010890589,2023-10-26T10:12:54
DELHIVERY,INE148O01028,2023-10-26,NSE,EQ,EQ,sell,False,21,411.0,22057467,1100000010890589,2023-10-26T10:12:54
DELHIVERY,INE148O01028,2023-10-26,NSE,EQ,EQ,sell,False,2,411.0,22057469,1100000010890589,2023-10-26T10:12:54
DLF,INE271C01023,2023-10-26,BSE,EQ,A,sell,False,5,519.3,2720100,1698294263400254767,2023-10-26T10:13:01
ETHOSLTD,INE04TZ01018,2023-10-26,BSE,EQ,B,sell,False,2,1568.85,3371600,1698291000123467265,2023-10-26T10:13:08
ETHOSLTD,INE04TZ01018,2023-10-26,BSE,EQ,B,sell,False,1,1568.15,3372100,1698291000123467265,2023-10-26T10:13:08
ETHOSLTD,INE04TZ01018,2023-10-26,BSE,EQ,B,sell,False,2,1568.8,3371900,1698291000123467265,2023-10-26T10:13:08
HDFCBANK,INE040A01034,2023-10-26,BSE,EQ,A,sell,False,3,1475.15,4053100,1698295118672043222,2023-10-26T10:13:13
HDFCSML250,INF179KC1FB2,2023-10-26,NSE,EQ,EQ,sell,False,5,116.36,22070087,1100000010959789,2023-10-26T10:13:19
HDFCSML250,INF179KC1FB2,2023-10-26,NSE,EQ,EQ,sell,False,50,116.37,22070086,1100000010959789,2023-10-26T10:13:19
HIGHENE-X,INE783E01023,2023-10-26,BSE,EQ,X,sell,False,1,620.0,8833200,1698291000001182777,2023-10-26T10:13:26
HINDALCO,INE038A01020,2023-10-26,BSE,EQ,A,sell,False,4,450.75,4863900,1698294484961262495,2023-10-26T10:13:33
ICICIBANK,INE090A01021,2023-10-26,NSE,EQ,EQ,sell,False,5,907.0,22080496,1100000011015645,2023-10-26T10:13:38
INDIGO,INE646L01027,2023-10-26,BSE,EQ,A,sell,False,1,2403.75,1545300,1698291000124687191,2023-10-26T10:13:46
INDIGO,INE646L01027,2023-10-26,BSE,EQ,A,sell,False,12,2404.45,1545100,1698291000124687191,2023-10-26T10:13:46
IRCON,INE962Y01021,2023-10-26,NSE,EQ,EQ,sell,False,5,129.75,22086568,1100000011050429,2023-10-26T10:13:51
ITC,INE154A01025,2023-10-26,NSE,EQ,EQ,sell,False,7,433.6,22090370,1100000011076588,2023-10-26T10:14:00
ITC,INE154A01025,2023-10-26,NSE,EQ,EQ,sell,False,1,433.7,22090368,1100000011076588,2023-10-26T10:14:00
ITC,INE154A01025,2023-10-26,NSE,EQ,EQ,sell,False,1,433.7,22090367,1100000011076588,2023-10-26T10:14:00
ITC,INE154A01025,2023-10-26,NSE,EQ,EQ,sell,False,5,433.6,22090369,1100000011076588,2023-10-26T10:14:00
LT,INE018A01030,2023-10-26,BSE,EQ,A,sell,False,3,2886.0,2715600,1698291000126921184,2023-10-26T10:14:11
M&M,INE101A01026,2023-10-26,NSE,EQ,EQ,sell,False,5,1530.4,42194367,1200000012212632,2023-10-26T10:14:15
MOM100,INF247L01023,2023-10-26,BSE,EQ,B,sell,False,90,40.3,1656200,1698291900017367214,2023-10-26T10:14:21
MSUMI,INE0FS801015,2023-10-26,BSE,EQ,A,sell,False,20,59.71,54610500,1698295285625139190,2023-10-26T10:14:25
NATIONALUM,INE139A01034,2023-10-26,BSE,EQ,A,sell,False,27,89.3,1775500,1698291000141907886,2023-10-26T10:14:31
NETWORK18,INE870H01013,2023-10-26,NSE,EQ,EQ,sell,False,35,66.5,42206910,1200000012289052,2023-10-26T10:14:41
NHPC,INE848E01016,2023-10-26,NSE,EQ,EQ,sell,False,20,49.1,42210461,1200000012306561,2023-10-26T10:14:47
NTPC,INE733E01010,2023-10-26,BSE,EQ,A,sell,False,35,228.0,5853500,1698294204178407470,2023-10-26T10:14:52
PVRINOX,INE191H01014,2023-10-26,NSE,EQ,EQ,sell,False,3,1595.5,42219136,1200000012368959,2023-10-26T10:15:08
RELIANCE,INE002A01018,2023-10-26,BSE,EQ,A,sell,False,3,2235.1,4967200,1698294484961280418,2023-10-26T10:15:14
SETFNIF50,INF200KA1FS1,2023-10-26,BSE,EQ,B,sell,False,161,197.1,1682000,1698291900017370566,2023-10-26T10:15:20
SETFNIF50,INF200KA1FS1,2023-10-26,BSE,EQ,B,sell,False,25,197.11,1681600,1698291900017370566,2023-10-26T10:15:20
SETFNN50,INF200KA1598,2023-10-26,NSE,EQ,EQ,sell,False,19,448.0,62348999,1300000011107261,2023-10-26T10:15:26
SETFNN50,INF200KA1598,2023-10-26,NSE,EQ,EQ,sell,False,5,448.0,62348998,1300000011107261,2023-10-26T10:15:26
SJVN,INE002L01015,2023-10-26,BSE,EQ,A,sell,False,18,63.96,2715700,1698291000000643434,2023-10-26T10:15:32
SUNPHARMA,INE044A01036,2023-10-26,BSE,EQ,A,sell,False,1,1101.05,1634500,1698291000125857200,2023-10-26T10:15:36
SUNPHARMA,INE044A01036,2023-10-26,BSE,EQ,A,sell,False,2,1101.0,1634700,1698291000125857200,2023-10-26T10:15:36
TATACOMM,INE151A01013,2023-10-26,NSE,EQ,EQ,sell,False,7,1550.75,62355871,1300000011145087,2023-10-26T10:15:41
UFLEX,INE516A01017,2023-10-26,NSE,EQ,EQ,sell,False,5,402.5,62359086,1300000011162794,2023-10-26T10:15:48
VESUVIUS,INE386A01015,2023-10-26,BSE,EQ,A,sell,False,3,3183.35,55432700,1698294879037980372,2023-10-26T10:15:58
AMARAJABAT,INE885A01032,2023-10-26,BSE,EQ,A,sell,False,3,605.2,2059200,1698291000126940633,2023-10-26T10:17:16
MOM100,INF247L01023,2023-11-03,NSE,EQ,EQ,buy,False,68,42.14,42573840,1200000016062654,2023-11-03T11:37:58
MOM100,INF247L01023,2023-11-03,NSE,EQ,EQ,buy,False,74,42.14,42573839,1200000016062654,2023-11-03T11:37:58
SETFNN50,INF200KA1598,2023-11-03,NSE,EQ,EQ,buy,False,22,469.99,62856935,1300000014813945,2023-11-03T11:38:59
MOM100,INF247L01023,2023-11-03,NSE,EQ,EQ,buy,False,72,42.16,42611090,1200000016302940,2023-11-03T11:41:11
MOM100,INF247L01023,2023-11-03,NSE,EQ,EQ,buy,False,36,42.16,42611091,1200000016302940,2023-11-03T11:41:11
SETFNIF50,INF200KA1FS1,2023-11-03,NSE,EQ,EQ,buy,False,2,201.14,63087500,1300000014680390,2023-11-03T11:55:42
SETFNIF50,INF200KA1FS1,2023-11-03,NSE,EQ,EQ,buy,False,1,201.14,63122055,1300000014680390,2023-11-03T11:58:20
SETFNIF50,INF200KA1FS1,2023-11-03,NSE,EQ,EQ,buy,False,47,201.14,63128588,1300000014680390,2023-11-03T11:58:49
MOM100,INF247L01023,2023-11-09,NSE,EQ,EQ,buy,False,1,43.18,43086350,1200000019146066,2023-11-09T11:40:16
SETFNIF50,INF200KA1FS1,2023-11-09,BSE,EQ,B,buy,False,20,203.14,857900,1699501500007280917,2023-11-09T11:40:50
MOM100,INF247L01023,2023-11-09,NSE,EQ,EQ,buy,False,1,43.18,43116249,1200000019146066,2023-11-09T11:42:32
MOM100,INF247L01023,2023-11-09,NSE,EQ,EQ,buy,False,99,43.18,43124541,1200000019146066,2023-11-09T11:43:11
MOM100,INF247L01023,2023-11-09,NSE,EQ,EQ,buy,False,1,43.18,43171883,1200000019146066,2023-11-09T11:46:46
MOM100,INF247L01023,2023-11-09,NSE,EQ,EQ,buy,False,23,43.18,43176188,1200000019146066,2023-11-09T11:47:07
SETFNN50,INF200KA1598,2023-11-09,NSE,EQ,EQ,buy,False,5,480.35,65206871,1300000014766587,2023-11-09T14:41:54
SETFNN50,INF200KA1598,2023-11-09,NSE,EQ,EQ,buy,False,5,480.35,65216033,1300000014766587,2023-11-09T14:42:40
HDFCSML250,INF179KC1FB2,2023-11-13,NSE,EQ,EQ,buy,False,100,126.37,24611247,1100000026561933,2023-11-13T14:43:52
PFC,INE134E01011,2023-11-13,BSE,EQ,A,buy,False,16,310.5,5648900,1699858475860867800,2023-11-13T14:45:08
PFC,INE134E01011,2023-11-13,BSE,EQ,A,buy,False,9,310.5,5650800,1699858475860867800,2023-11-13T14:45:23
HDFCNIF100,INF179KC1HR4,2023-11-13,NSE,EQ,EQ,buy,False,280,19.7,24747179,1100000026453126,2023-11-13T14:53:00
INDIGO,INE646L01027,2023-11-15,NSE,EQ,EQ,buy,False,10,2552.7,25966954,1100000029447209,2023-11-15T14:32:59
HDFCNIF100,INF179KC1HR4,2023-11-15,NSE,EQ,EQ,buy,False,160,19.9,27368407,1100000028772320,2023-11-15T15:28:09
MOM100,INF247L01023,2023-11-16,BSE,EQ,B,buy,False,120,44.2,1173000,1700106300013259962,2023-11-16T11:45:16
PAYTM,INE982J01020,2023-11-16,BSE,EQ,A,buy,False,4,904.0,86551100,1700124310236193796,2023-11-16T14:30:46
DELHIVERY,INE148O01028,2023-11-17,NSE,EQ,EQ,buy,False,10,402.0,22864537,1100000014085537,2023-11-17T11:15:11
HDFCSML250,INF179KC1FB2,2023-11-17,NSE,EQ,EQ,buy,False,40,130.0,25035346,1100000014323886,2023-11-17T13:40:08
SETFNN50,INF200KA1598,2023-11-20,NSE,EQ,EQ,buy,False,10,490.0,66289584,1300000018939497,2023-11-20T14:47:43
ZOMATO,INE758T01015,2023-11-20,NSE,EQ,EQ,buy,False,30,117.5,66413384,1300000019050759,2023-11-20T14:55:31
INDIGO,INE646L01027,2023-11-21,NSE,EQ,EQ,buy,False,2,2614.0,23017508,1100000016867507,2023-11-21T12:08:40
HDFCNIF100,INF179KC1HR4,2023-11-21,NSE,EQ,EQ,buy,False,1,20.06,23384025,1100000017136347,2023-11-21T12:35:53
HDFCNIF100,INF179KC1HR4,2023-11-21,NSE,EQ,EQ,buy,False,10,20.06,23412840,1100000017136347,2023-11-21T12:38:17
HDFCNIF100,INF179KC1HR4,2023-11-21,NSE,EQ,EQ,buy,False,1,20.06,23441114,1100000017136347,2023-11-21T12:40:40
HDFCNIF100,INF179KC1HR4,2023-11-21,NSE,EQ,EQ,buy,False,1,20.06,23441113,1100000017136347,2023-11-21T12:40:40
HDFCNIF100,INF179KC1HR4,2023-11-21,NSE,EQ,EQ,buy,False,2,20.06,23441111,1100000017136347,2023-11-21T12:40:40
HDFCNIF100,INF179KC1HR4,2023-11-21,NSE,EQ,EQ,buy,False,4,20.06,23441105,1100000017136347,2023-11-21T12:40:40
HDFCNIF100,INF179KC1HR4,2023-11-21,NSE,EQ,EQ,buy,False,9,20.06,23441103,1100000017136347,2023-11-21T12:40:40
HDFCNIF100,INF179KC1HR4,2023-11-21,NSE,EQ,EQ,buy,False,19,20.06,23441101,1100000017136347,2023-11-21T12:40:40
HDFCNIF100,INF179KC1HR4,2023-11-21,NSE,EQ,EQ,buy,False,39,20.06,23441099,1100000017136347,2023-11-21T12:40:40
HDFCNIF100,INF179KC1HR4,2023-11-21,NSE,EQ,EQ,buy,False,78,20.06,23441097,1100000017136347,2023-11-21T12:40:40
HDFCNIF100,INF179KC1HR4,2023-11-21,NSE,EQ,EQ,buy,False,156,20.06,23441095,1100000017136347,2023-11-21T12:40:40
HDFCNIF100,INF179KC1HR4,2023-11-21,NSE,EQ,EQ,buy,False,313,20.06,23441093,1100000017136347,2023-11-21T12:40:40
HDFCNIF100,INF179KC1HR4,2023-11-21,NSE,EQ,EQ,buy,False,50,20.06,23516185,1100000017136347,2023-11-21T12:47:41
HDFCNIF100,INF179KC1HR4,2023-11-21,NSE,EQ,EQ,buy,False,10,20.06,23616478,1100000017136347,2023-11-21T12:56:06
HDFCNIF100,INF179KC1HR4,2023-11-21,NSE,EQ,EQ,buy,False,307,20.06,23768306,1100000017136347,2023-11-21T13:08:35
CHOLAFIN,INE121A01024,2023-11-21,NSE,EQ,EQ,buy,False,9,1105.0,3911224,1000000017456141,2023-11-21T14:32:27
PFC,INE134E01011,2023-11-22,NSE,EQ,EQ,buy,False,15,320.0,43036387,1200000015011425,2023-11-22T11:54:14
SHRIRAMFIN,INE721A01013,2023-12-04,NSE,EQ,EQ,buy,False,2,2054.25,66153224,1300000027241527,2023-12-04T13:39:20
HDFCSML250,INF179KC1FB2,2023-12-04,BSE,EQ,B,buy,False,33,135.15,3340900,1701661500019705460,2023-12-04T14:07:48
HDFCSML250,INF179KC1FB2,2023-12-04,BSE,EQ,B,buy,False,17,135.15,3340700,1701661500019705460,2023-12-04T14:07:48
MOM100,INF247L01023,2023-12-08,NSE,EQ,EQ,buy,False,130,46.94,46085722,1200000028107361,2023-12-08T13:49:58
POWERGRID,INE752E01010,2023-12-11,NSE,EQ,EQ,buy,False,10,231.0,43931880,1200000023048020,2023-12-11T12:27:24
SHRIRAMFIN,INE721A01013,2023-12-11,BSE,EQ,A,buy,False,2,2045.15,6655200,1702270694825747365,2023-12-11T12:36:30
TATACOMM,INE151A01013,2023-12-11,NSE,EQ,EQ,buy,False,5,1700.0,65919868,1300000020734291,2023-12-11T13:51:18
SETFNIF50,INF200KA1FS1,2023-12-14,BSE,EQ,B,buy,False,7,220.4,1184000,1702525500009317754,2023-12-14T10:43:35
MOM100,INF247L01023,2023-12-14,BSE,EQ,B,buy,False,100,48.4,1909000,1702525500009314133,2023-12-14T12:08:26
POWERGRID,INE752E01010,2023-12-14,NSE,EQ,EQ,sell,False,44,232.6,45378124,1200000026582498,2023-12-14T12:43:56
SETFNN50,INF200KA1598,2023-12-14,NSE,EQ,EQ,buy,False,3,544.0,66758375,1300000013433233,2023-12-14T13:38:31
SETFNN50,INF200KA1598,2023-12-14,NSE,EQ,EQ,buy,False,2,544.0,67321102,1300000013433233,2023-12-14T14:07:30
HDFCNIF100,INF179KC1HR4,2023-12-15,BSE,EQ,B,buy,False,200,21.85,2849500,1702628851249279952,2023-12-15T15:15:33
EXIDEIND,INE302A01020,2023-12-18,NSE,EQ,EQ,buy,False,13,295.2,23695155,1100000015574519,2023-12-18T10:54:03
BEEKAY,INE213D01015,2023-12-18,BSE,EQ,B,sell,False,2,643.15,11490700,1702870200000096141,2023-12-18T10:55:51
SUZLON-T,INE040H01021,2023-12-18,BSE,EQ,T,sell,False,50,38.34,5404500,1702870200000201727,2023-12-18T11:00:06
DELHIVERY,INE148O01028,2023-12-18,NSE,EQ,EQ,buy,False,9,360.0,24942545,1100000016132721,2023-12-18T11:59:44
MOTILALOFS,INE338I01027,2023-12-18,NSE,EQ,EQ,buy,False,5,1246.35,47248446,1200000016996343,2023-12-18T15:11:04
EXIDEIND,INE302A01020,2023-12-19,BSE,EQ,A,buy,False,2,305.7,2188900,1702956600057731851,2023-12-19T10:13:52
ZOMATO,INE758T01015,2024-01-11,BSE,EQ,A,buy,False,8,137.3,193824700,1704953607324101866,2024-01-11T11:46:26
MOTILALOFS,INE338I01027,2024-01-11,NSE,EQ,EQ,buy,False,1,1468.3,44610305,1200000023598707,2024-01-11T11:47:18
PALREDTEC,INE218G01033,2024-01-11,NSE,EQ,EQ,buy,False,4,182.15,46122234,1200000023401477,2024-01-11T13:08:38
TATAMOTORS,INE155A01022,2024-01-12,NSE,EQ,EQ,buy,False,7,815.0,65452325,1300000024151673,2024-01-12T12:21:16
SETFNN50,INF200KA1598,2024-01-12,NSE,EQ,EQ,buy,False,6,575.0,66291450,1300000024539946,2024-01-12T13:05:39
EXIDEIND,INE302A01020,2024-01-15,BSE,EQ,A,buy,False,5,335.9,4901800,1705301170246043812,2024-01-15T12:24:17
JSWENERGY,INE121E01018,2024-01-15,BSE,EQ,A,buy,False,3,477.1,137824800,1705301440181528508,2024-01-15T12:27:02
ZOMATO,INE758T01015,2024-01-15,BSE,EQ,A,buy,False,1,135.25,155023100,1705301440181003331,2024-01-15T13:18:43
ZOMATO,INE758T01015,2024-01-15,BSE,EQ,A,buy,False,2,135.25,155059900,1705301440181003331,2024-01-15T13:18:51
HDFCNIF100,INF179KC1HR4,2024-01-16,NSE,EQ,EQ,buy,False,2,22.58,26575986,1100000025577609,2024-01-16T12:32:39
HDFCNIF100,INF179KC1HR4,2024-01-16,NSE,EQ,EQ,buy,False,2,22.58,26575985,1100000025577609,2024-01-16T12:32:39
HDFCNIF100,INF179KC1HR4,2024-01-16,NSE,EQ,EQ,buy,False,146,22.58,26990074,1100000025577609,2024-01-16T12:49:37
DELHIVERY,INE148O01028,2024-02-07,BSE,EQ,A,buy,False,4,472.65,178575700,1707294961095593398,2024-02-07T14:15:50
TATAMOTORS,INE155A01022,2024-02-07,NSE,EQ,EQ,buy,False,3,935.5,69760409,1300000040133706,2024-02-07T14:16:29
HDFCSML250,INF179KC1FB2,2024-02-07,NSE,EQ,EQ,buy,False,1,154.45,31030859,1100000044345184,2024-02-07T14:17:52
HDFCSML250,INF179KC1FB2,2024-02-07,NSE,EQ,EQ,buy,False,9,154.45,31116356,1100000044345184,2024-02-07T14:20:34
EICHERMOT,INE066A01021,2024-02-07,NSE,EQ,EQ,buy,False,2,3945.6,31289744,1100000045041071,2024-02-07T14:26:05
ZOMATO,INE758T01015,2024-02-07,BSE,EQ,A,buy,False,10,140.0,183283900,1707294961095665347,2024-02-07T14:27:32
HDFCBANK,INE040A01034,2024-02-07,NSE,EQ,EQ,buy,False,4,1431.25,31516270,1100000046142021,2024-02-07T14:33:50
JIOFIN,INE758E01017,2024-02-07,NSE,EQ,EQ,buy,False,28,270.5,49380460,1200000045458639,2024-02-07T14:34:50
MOTILALOFS,INE338I01027,2024-02-07,NSE,EQ,EQ,buy,False,2,1778.0,49397137,1200000045230349,2024-02-07T14:35:24
ASHOKLEY,INE208A01029,2024-02-07,NSE,EQ,EQ,buy,False,32,178.3,7738471,1000000043580221,2024-02-07T14:36:28
ARE&M,INE885A01032,2024-02-07,NSE,EQ,EQ,buy,False,5,885.95,7793896,1000000043366127,2024-02-07T14:39:09
EXIDEIND,INE302A01020,2024-02-07,NSE,EQ,EQ,buy,False,3,347.2,31739243,1100000043947377,2024-02-07T14:39:23
EXIDEIND,INE302A01020,2024-02-07,NSE,EQ,EQ,buy,False,2,347.2,31739244,1100000043947377,2024-02-07T14:39:23
MOM100,INF247L01023,2024-02-07,BSE,EQ,B,buy,False,1,52.46,2995400,1707292652655152343,2024-02-07T14:45:05
MOM100,INF247L01023,2024-02-07,BSE,EQ,B,buy,False,49,52.46,3004300,1707292652655152343,2024-02-07T14:47:10
PALREDTEC,INE218G01033,2024-02-07,BSE,EQ,B,buy,False,3,209.2,106941000,1707292067042392763,2024-02-07T14:47:59
PALREDTEC,INE218G01033,2024-02-07,BSE,EQ,B,buy,False,1,209.2,106940800,1707292067042392763,2024-02-07T14:47:59
PALREDTEC,INE218G01033,2024-02-07,BSE,EQ,B,buy,False,1,209.2,106940600,1707292067042392763,2024-02-07T14:47:59
HDFCNIF100,INF179KC1HR4,2024-02-07,BSE,EQ,B,buy,False,65,22.56,3284700,1707292652655126122,2024-02-07T15:17:48
HDFCNIF100,INF179KC1HR4,2024-04-23,NSE,EQ,EQ,buy,False,423,23.49,26416154,1100000033402892,2024-04-23T13:28:40
MOM100,INF247L01023,2024-04-23,NSE,EQ,EQ,buy,False,120,52.97,45482494,1200000032863109,2024-04-23T13:28:40
HDFCSML250,INF179KC1FB2,2024-04-23,NSE,EQ,EQ,buy,False,20,154.79,26416225,1100000033403293,2024-04-23T13:28:40
SETFNN50,INF200KA1598,2024-04-23,NSE,EQ,EQ,buy,False,10,662.51,65876894,1300000029478756,2024-04-23T13:28:40
HDFCNIF100,INF179KC1HR4,2024-04-23,NSE,EQ,EQ,buy,False,77,23.45,26416153,1100000033402892,2024-04-23T13:28:40
HDFCBANK,INE040A01034,2024-04-24,NSE,EQ,EQ,buy,False,2,1517.1,24830936,1100000026370344,2024-04-24T12:21:19
ZOMATO,INE758T01015,2024-04-24,NSE,EQ,EQ,buy,False,8,185.5,64551550,1300000023217281,2024-04-24T12:21:51
INDHOTEL,INE053A01029,2024-04-24,NSE,EQ,EQ,buy,False,9,605.0,24855623,1100000026303192,2024-04-24T12:22:51
SETFNN50,INF200KA1598,2024-05-13,NSE,EQ,EQ,buy,False,10,674.94,66651665,1300000033131929,2024-05-13T13:21:06
HDFCNIF100,INF179KC1HR4,2024-05-13,NSE,EQ,EQ,buy,False,24,23.24,25508650,1100000033793310,2024-05-13T13:21:06
HDFCNIF100,INF179KC1HR4,2024-05-13,NSE,EQ,EQ,buy,False,192,23.24,25508651,1100000033793310,2024-05-13T13:21:06
HDFCNIF100,INF179KC1HR4,2024-05-13,NSE,EQ,EQ,buy,False,228,23.24,25508652,1100000033793310,2024-05-13T13:21:06
HDFCNIF100,INF179KC1HR4,2024-05-13,NSE,EQ,EQ,buy,False,56,23.24,25508653,1100000033793310,2024-05-13T13:21:06
HDFCSML250,INF179KC1FB2,2024-05-13,NSE,EQ,EQ,buy,False,2,150.75,25508693,1100000033793675,2024-05-13T13:21:06
HDFCSML250,INF179KC1FB2,2024-05-13,NSE,EQ,EQ,buy,False,18,150.76,25508694,1100000033793675,2024-05-13T13:21:06
MOM100,INF247L01023,2024-05-13,NSE,EQ,EQ,buy,False,118,52.71,45576261,1200000036302073,2024-05-13T13:21:06
MOM100,INF247L01023,2024-05-13,NSE,EQ,EQ,buy,False,2,52.71,45576262,1200000036302073,2024-05-13T13:21:06
RECLTD,INE020B01018,2024-05-13,NSE,EQ,EQ,buy,False,12,511.25,66813705,1300000033688396,2024-05-13T13:28:39
HDFCBANK,INE040A01034,2024-05-13,NSE,EQ,EQ,buy,False,1,1444.55,25671771,1100000034824957,2024-05-13T13:29:14
HDFCBANK,INE040A01034,2024-05-23,NSE,EQ,EQ,buy,False,1,1472.2,26035841,1100000032813222,2024-05-23T12:45:14
HAL,INE066F01020,2024-05-23,NSE,EQ,EQ,buy,False,1,4941.35,26065293,1100000032976754,2024-05-23T12:46:49
HDFCBANK,INE040A01034,2024-05-23,NSE,EQ,EQ,buy,False,4,1472.2,26074939,1100000032813222,2024-05-23T12:47:22
RECLTD,INE020B01018,2024-05-23,NSE,EQ,EQ,buy,False,8,537.65,65691754,1300000027251445,2024-05-23T13:07:57
IDEA,INE669E01016,2024-05-24,NSE,EQ,EQ,buy,False,800,15.1,80222097,1400000000379861,2024-05-24T10:33:26
IDEA,INE669E01016,2024-05-24,NSE,EQ,EQ,buy,False,200,15.1,80222098,1400000000379861,2024-05-24T10:33:26
IDEA,INE669E01016,2024-05-27,BSE,EQ,A,sell,False,1000,14.96,5616100,1716780600039733069,2024-05-27T10:06:01
NYKAA,INE388Y01029,2024-05-27,NSE,EQ,EQ,buy,False,20,168.0,47247982,1200000041641550,2024-05-27T14:17:23
HDFCNIF100,INF179KC1HR4,2024-05-29,NSE,EQ,EQ,buy,False,490,24.21,22922832,1100000015801923,2024-05-29T10:32:58
HDFCNIF100,INF179KC1HR4,2024-05-29,NSE,EQ,EQ,buy,False,10,24.21,22922831,1100000015801923,2024-05-29T10:32:58
SETFNN50,INF200KA1598,2024-05-29,NSE,EQ,EQ,buy,False,10,724.0,62336558,1300000011844343,2024-05-29T10:32:58
HDFCSML250,INF179KC1FB2,2024-05-29,NSE,EQ,EQ,buy,False,6,158.39,22923107,1100000015803656,2024-05-29T10:32:59
MOM100,INF247L01023,2024-05-29,NSE,EQ,EQ,buy,False,120,55.82,42691356,1200000014415429,2024-05-29T10:32:59
HDFCSML250,INF179KC1FB2,2024-05-29,NSE,EQ,EQ,buy,False,14,158.39,22923106,1100000015803656,2024-05-29T10:32:59
HAL,INE066F01020,2024-06-04,NSE,EQ,EQ,buy,False,1,4217.35,33740890,1100000060594850,2024-06-04T12:42:45
SBIN,INE062A01020,2024-06-04,NSE,EQ,EQ,buy,False,15,772.95,72922113,1300000051763064,2024-06-04T12:44:03
SBICARD,INE018E01016,2024-06-04,NSE,EQ,EQ,buy,False,10,670.95,72943297,1300000051901826,2024-06-04T12:44:25
HDFCBANK,INE040A01034,2024-06-04,NSE,EQ,EQ,buy,False,3,1492.8,33863761,1100000061168956,2024-06-04T12:44:50
JIOFIN,INE758E01017,2024-06-04,NSE,EQ,EQ,buy,False,5,332.9,52440247,1200000053260326,2024-06-04T12:45:07
JIOFIN,INE758E01017,2024-06-04,NSE,EQ,EQ,buy,False,10,332.05,52448456,1200000053295831,2024-06-04T12:45:16
MOTILALOFS,INE338I01027,2024-06-04,NSE,EQ,EQ,buy,False,1,2078.0,52464409,1200000053360182,2024-06-04T12:45:32
RECLTD,INE020B01018,2024-06-04,NSE,EQ,EQ,buy,False,27,477.9,73067128,1300000052336077,2024-06-04T12:46:09
TATAMOTORS,INE155A01022,2024-06-04,NSE,EQ,EQ,buy,False,5,885.25,73080440,1300000052385653,2024-06-04T12:46:21
HAL,INE066F01020,2024-06-04,NSE,EQ,EQ,buy,False,2,4192.1,33990682,1100000061775289,2024-06-04T12:46:45
TRENT,INE849A01020,2024-06-04,NSE,EQ,EQ,buy,False,2,4262.05,73146121,1300000052615682,2024-06-04T12:47:19
DELHIVERY,INE148O01028,2024-06-04,NSE,EQ,EQ,buy,False,5,364.7,34087875,1100000062225992,2024-06-04T12:48:18
TATACOMM,INE151A01013,2024-06-04,NSE,EQ,EQ,buy,False,2,1655.2,73257426,1300000053016098,2024-06-04T12:49:00
HDFCNIF100,INF179KC1HR4,2024-06-04,NSE,EQ,EQ,buy,False,111,24.93,34318615,1100000063250503,2024-06-04T12:51:41
HDFCNIF100,INF179KC1HR4,2024-06-04,NSE,EQ,EQ,buy,False,389,24.93,34318616,1100000063250503,2024-06-04T12:51:41
SETFNN50,INF200KA1598,2024-06-04,NSE,EQ,EQ,buy,False,4,721.98,73451503,1300000053732211,2024-06-04T12:51:41
SETFNN50,INF200KA1598,2024-06-04,NSE,EQ,EQ,buy,False,6,721.98,73451504,1300000053732211,2024-06-04T12:51:41
HDFCSML250,INF179KC1FB2,2024-06-04,NSE,EQ,EQ,buy,False,20,155.97,34319029,1100000063252611,2024-06-04T12:51:41
MOM100,INF247L01023,2024-06-04,NSE,EQ,EQ,buy,False,100,56.13,52906918,1200000055157691,2024-06-04T12:52:39
EICHERMOT,INE066A01021,2024-06-10,NSE,EQ,EQ,sell,False,2,4787.05,27106562,1100000017175081,2024-06-10T10:27:01
TATAMOTORS,INE155A01022,2024-06-10,NSE,EQ,EQ,buy,False,3,976.25,75101641,1300000015523552,2024-06-10T10:30:20
ARE&M,INE885A01032,2024-06-10,BSE,EQ,A,buy,False,2,1432.5,12205500,1717998378251107118,2024-06-10T11:22:20
INDUSTOWER,INE121J01017,2024-06-27,NSE,EQ,EQ,buy,False,41,362.0,31652344,1100000035740367,2024-06-27T13:10:34
MAZDOCK,INE249Z01012,2024-07-04,NSE,EQ,EQ,buy,False,1,5535.8,55845495,1200000045673489,2024-07-04T14:04:20
JINDALSTEL,INE749A01030,2024-07-04,NSE,EQ,EQ,buy,False,5,1056.05,56583117,1200000049433333,2024-07-04T14:33:00
TATAMOTORS,INE155A01022,2024-07-05,BSE,EQ,A,buy,False,3,998.3,4879700,1720153493769472210,2024-07-05T10:27:39
PHARMABEES,INF204KC1089,2024-07-05,NSE,EQ,EQ,buy,False,600,20.76,51509547,1200000014546904,2024-07-05T10:28:22
ITC,INE154A01025,2024-07-08,NSE,EQ,EQ,buy,False,7,438.0,205047765,1100000020131634,2024-07-08T10:22:22
ASHOKLEY,INE208A01029,2024-07-10,BSE,EQ,A,buy,False,10,225.1,4156200,1720588278797543466,2024-07-10T11:09:55
TATAMOTORS,INE155A01022,2024-07-10,NSE,EQ,EQ,buy,False,3,999.0,606078873,1300000028383665,2024-07-10T11:11:54
HDFCNIF100,INF179KC1HR4,2024-07-10,NSE,EQ,EQ,buy,False,500,25.76,206169684,1100000033054237,2024-07-10T11:14:04
MOM100,INF247L01023,2024-07-10,NSE,EQ,EQ,buy,False,120,60.22,405842127,1200000032314377,2024-07-10T11:14:05
HDFCSML250,INF179KC1FB2,2024-07-10,NSE,EQ,EQ,buy,False,3,175.59,206169808,1100000033055653,2024-07-10T11:14:05
HDFCSML250,INF179KC1FB2,2024-07-10,NSE,EQ,EQ,buy,False,17,175.59,206169809,1100000033055653,2024-07-10T11:14:05
SETFNN50,INF200KA1598,2024-07-10,NSE,EQ,EQ,buy,False,10,772.75,606101495,1300000028783128,2024-07-10T11:14:05
RELIANCE,INE002A01018,2024-07-11,NSE,EQ,EQ,buy,False,4,3145.0,604107232,1300000016425410,2024-07-11T10:20:11
RECLTD,INE020B01018,2024-07-19,BSE,EQ,A,buy,False,10,604.8,16950800,1721373422710315998,2024-07-19T13:26:15
INDUSTOWER,INE121J01017,2024-07-19,BSE,EQ,A,buy,False,10,413.75,5638600,1721369235021367024,2024-07-19T13:27:15
RELIANCE,INE002A01018,2024-07-19,NSE,EQ,EQ,buy,False,3,3127.55,608817845,1300000046352168,2024-07-19T13:33:20
PFC,INE134E01011,2024-07-19,NSE,EQ,EQ,buy,False,10,542.0,408342178,1200000049011421,2024-07-19T13:36:03
KANSAINER,INE531A01024,2024-07-19,NSE,EQ,EQ,buy,False,25,272.15,408454633,1200000051114812,2024-07-19T13:40:47
ZOMATO,INE758T01015,2024-07-19,NSE,EQ,EQ,buy,False,10,218.56,609051437,1300000046980563,2024-07-19T13:41:17
PHARMABEES,INF204KC1089,2024-07-25,NSE,EQ,EQ,buy,False,150,21.48,410441935,1200000058525833,2024-07-25T15:02:41
CHOLAFIN,INE121A01024,2024-07-26,NSE,EQ,EQ,sell,False,1,1401.75,2996083,1000000017475552,2024-07-26T10:55:21
CHOLAFIN,INE121A01024,2024-07-26,NSE,EQ,EQ,sell,False,1,1401.95,2996080,1000000017475552,2024-07-26T10:55:21
CHOLAFIN,INE121A01024,2024-07-26,NSE,EQ,EQ,sell,False,1,1401.85,2996081,1000000017475552,2024-07-26T10:55:21
CHOLAFIN,INE121A01024,2024-07-26,NSE,EQ,EQ,sell,False,3,1401.8,2996082,1000000017475552,2024-07-26T10:55:21
CHOLAFIN,INE121A01024,2024-07-26,NSE,EQ,EQ,sell,False,3,1401.75,2996084,1000000017475552,2024-07-26T10:55:21
SBICARD,INE018E01016,2024-07-26,NSE,EQ,EQ,sell,False,10,722.2,604293820,1300000021066624,2024-07-26T10:56:27
SBIN,INE062A01020,2024-07-26,NSE,EQ,EQ,sell,False,15,853.7,604298425,1300000021090719,2024-07-26T10:56:36
JINDALSTEL,INE749A01030,2024-07-26,BSE,EQ,A,sell,False,3,966.0,5580600,1721969736416469558,2024-07-26T10:58:07
JINDALSTEL,INE749A01030,2024-07-26,BSE,EQ,A,sell,False,2,965.95,5580800,1721969736416469558,2024-07-26T10:58:07
ITC,INE154A01025,2024-07-26,NSE,EQ,EQ,buy,False,20,494.1,205533470,1100000024113515,2024-07-26T11:02:00
PHARMABEES,INF204KC1089,2024-07-26,NSE,EQ,EQ,buy,False,250,21.84,405696673,1200000031523211,2024-07-26T11:43:45
RELIANCE,INE002A01018,2024-07-29,NSE,EQ,EQ,buy,False,3,3040.15,607043903,1300000034795021,2024-07-29T12:46:50
ASHOKLEY,INE208A01029,2024-07-29,NSE,EQ,EQ,buy,False,15,256.56,6142149,1000000035817316,2024-07-29T12:49:52
ARE&M,INE885A01032,2024-07-29,NSE,EQ,EQ,buy,False,2,1635.0,9178322,1000000036132659,2024-07-29T12:52:28
TATAMOTORS,INE155A01022,2024-07-29,BSE,EQ,A,buy,False,6,1125.0,15747100,1722235807760533724,2024-07-29T12:54:26
INDIGO,INE646L01027,2024-07-29,NSE,EQ,EQ,buy,False,2,4415.0,208489471,1100000047080794,2024-07-29T13:06:20
MOTILALOFS,INE338I01027,2024-07-29,NSE,EQ,EQ,buy,False,10,605.1,411004939,1200000041179830,2024-07-29T15:19:40
JSWENERGY,INE121E01018,2024-07-30,NSE,EQ,EQ,sell,False,8,722.5,405193239,1200000027877361,2024-07-30T11:26:41
JSWENERGY,INE121E01018,2024-07-30,NSE,EQ,EQ,sell,False,9,722.5,405193238,1200000027877361,2024-07-30T11:26:41
MOTILALOFS,INE338I01027,2024-07-30,BSE,EQ,A,buy,False,9,635.05,10168600,1722316731677792223,2024-07-30T11:33:43
KANSAINER,INE531A01024,2024-07-30,NSE,EQ,EQ,buy,False,10,304.5,407264106,1200000025626430,2024-07-30T12:57:45
MAZDOCK,INE249Z01012,2024-07-31,NSE,EQ,EQ,sell,False,1,5254.0,406003820,1200000034724780,2024-07-31T12:37:34
HAL,INE066F01020,2024-07-31,BSE,EQ,A,sell,False,1,4964.0,4817100,1722408489750200892,2024-07-31T12:39:26
HAL,INE066F01020,2024-07-31,BSE,EQ,A,sell,False,3,4963.45,4817300,1722408489750200892,2024-07-31T12:39:26
ACC,INE012A01025,2024-07-31,NSE,EQ,EQ,buy,False,7,2603.95,5132227,1000000029358468,2024-07-31T12:44:20
KANSAINER,INE531A01024,2024-07-31,NSE,EQ,EQ,buy,False,8,306.0,406240900,1200000035874549,2024-07-31T12:47:31
ADANIPOWER,INE814H01011,2024-07-31,NSE,EQ,EQ,buy,False,15,740.1,5469921,1000000030085543,2024-07-31T12:51:11
MOTILALOFS,INE338I01027,2024-07-31,NSE,EQ,EQ,buy,False,5,650.0,406313896,1200000036562981,2024-07-31T12:53:24
JPPOWER,INE351F01018,2024-08-02,NSE,EQ,EQ,buy,False,99,19.92,407425846,1200000036646795,2024-08-02T13:37:00
JPPOWER,INE351F01018,2024-08-02,NSE,EQ,EQ,buy,False,200,19.92,407425847,1200000036646795,2024-08-02T13:37:00
JPPOWER,INE351F01018,2024-08-02,NSE,EQ,EQ,buy,False,199,19.92,407425848,1200000036646795,2024-08-02T13:37:00
JPPOWER,INE351F01018,2024-08-02,NSE,EQ,EQ,buy,False,20,19.92,407425849,1200000036646795,2024-08-02T13:37:00
JPPOWER,INE351F01018,2024-08-02,NSE,EQ,EQ,buy,False,100,19.92,407425850,1200000036646795,2024-08-02T13:37:00
JPPOWER,INE351F01018,2024-08-02,NSE,EQ,EQ,buy,False,408,19.92,407425851,1200000036646795,2024-08-02T13:37:00
JPPOWER,INE351F01018,2024-08-02,NSE,EQ,EQ,buy,False,224,19.92,407425852,1200000036646795,2024-08-02T13:37:00
ASHOKLEY,INE208A01029,2024-08-05,BSE,EQ,A,sell,False,47,242.75,11457400,1722844030626971305,2024-08-05T14:21:18
ASHOKLEY,INE208A01029,2024-08-05,BSE,EQ,A,sell,False,10,242.8,11457200,1722844030626971305,2024-08-05T14:21:18
EXIDEIND,INE302A01020,2024-08-05,BSE,EQ,A,sell,False,25,489.05,14561900,1722844882962593921,2024-08-05T14:21:40
PFC,INE134E01011,2024-08-05,BSE,EQ,A,sell,False,6,494.2,13476100,1722845087658684089,2024-08-05T14:22:47
PFC,INE134E01011,2024-08-05,BSE,EQ,A,sell,False,131,494.25,13475900,1722845087658684089,2024-08-05T14:22:47
INDHOTEL,INE053A01029,2024-08-05,BSE,EQ,A,sell,False,9,602.0,327663600,1722847442815408685,2024-08-05T14:25:13
TRENT,INE849A01020,2024-08-05,NSE,EQ,EQ,sell,False,1,5350.0,614932200,1300000067973254,2024-08-05T14:33:30
TRENT,INE849A01020,2024-08-05,NSE,EQ,EQ,sell,False,1,5350.0,614932199,1300000067973254,2024-08-05T14:33:30
TATACOMM,INE151A01013,2024-08-05,BSE,EQ,A,sell,False,4,1869.75,335043000,1722848445771867983,2024-08-05T14:37:34
TATACOMM,INE151A01013,2024-08-05,BSE,EQ,A,sell,False,3,1869.7,335043200,1722848445771867983,2024-08-05T14:37:34
RBA,INE07T201019,2024-08-05,NSE,EQ,EQ,sell,False,42,107.5,10773066,1000000061566991,2024-08-05T14:39:58
ZOMATO,INE758T01015,2024-08-05,BSE,EQ,A,buy,False,50,256.65,337791100,1722848747867972640,2024-08-05T14:41:18
HDFCBANK,INE040A01034,2024-08-05,BSE,EQ,A,buy,False,5,1619.5,12335600,1722846236141644478,2024-08-05T14:48:19
PHARMABEES,INF204KC1089,2024-08-05,NSE,EQ,EQ,buy,False,58,22.26,414577806,1200000076468609,2024-08-05T14:51:47
PHARMABEES,INF204KC1089,2024-08-05,NSE,EQ,EQ,buy,False,200,22.26,414590114,1200000076468609,2024-08-05T14:51:47
PHARMABEES,INF204KC1089,2024-08-05,NSE,EQ,EQ,buy,False,188,22.26,414604467,1200000076468609,2024-08-05T14:51:47
PHARMABEES,INF204KC1089,2024-08-05,NSE,EQ,EQ,buy,False,1,22.26,414601792,1200000076468609,2024-08-05T14:51:47
PHARMABEES,INF204KC1089,2024-08-05,NSE,EQ,EQ,buy,False,3,22.26,414574605,1200000076468609,2024-08-05T14:51:47
PHARMABEES,INF204KC1089,2024-08-05,NSE,EQ,EQ,buy,False,50,22.26,414582936,1200000076468609,2024-08-05T14:51:47
NYKAA,INE388Y01029,2024-08-05,NSE,EQ,EQ,sell,False,20,194.0,414822132,1200000077876304,2024-08-05T15:00:06
INDUSTOWER,INE121J01017,2024-08-05,BSE,EQ,A,buy,False,14,414.65,11828600,1722845337383972477,2024-08-05T15:01:19
ITC,INE154A01025,2024-08-05,BSE,EQ,A,buy,False,20,487.0,24801400,1722847592965518903,2024-08-05T15:03:53
PFC,INE134E01011,2024-08-06,NSE,EQ,EQ,buy,False,20,505.2,404890846,1200000027984671,2024-08-06T11:10:51
INDIGO,INE646L01027,2024-08-06,BSE,EQ,A,buy,False,1,4315.4,2633500,1722920737359360568,2024-08-06T11:13:52
INDIGO,INE646L01027,2024-08-06,BSE,EQ,A,buy,False,3,4315.45,2633700,1722920737359360568,2024-08-06T11:13:52
PFC,INE134E01011,2024-08-07,BSE,EQ,A,buy,False,15,488.35,5089900,1723007610983883588,2024-08-07T12:04:43
ACC,INE012A01025,2024-08-08,BSE,EQ,A,buy,False,2,2375.0,8598700,1723103224441103218,2024-08-08T13:25:24
ACC,INE012A01025,2024-08-08,BSE,EQ,A,buy,False,5,2375.0,8598900,1723103224441103218,2024-08-08T13:25:24
PFC,INE134E01011,2024-08-08,NSE,EQ,EQ,buy,False,10,492.0,409258638,1200000045371769,2024-08-08T13:33:23
JPPOWER,INE351F01018,2024-08-09,BSE,EQ,A,buy,False,250,17.42,152417900,1723188329434437113,2024-08-09T13:00:31
SHRIRAMFIN,INE721A01013,2024-08-12,NSE,EQ,EQ,buy,False,1,2956.0,604197377,1300000019747074,2024-08-12T10:37:05
SHRIRAMFIN,INE721A01013,2024-08-12,NSE,EQ,EQ,buy,False,2,2956.0,604197096,1300000019747074,2024-08-12T10:37:05
SHRIRAMFIN,INE721A01013,2024-08-12,NSE,EQ,EQ,buy,False,1,2956.0,604197232,1300000019747074,2024-08-12T10:37:05
PALREDTEC-T,INE218G01033,2024-08-12,BSE,EQ,T,sell,False,25,95.5,71100,1723435200000052020,2024-08-12T10:49:20
PFC,INE134E01011,2024-08-12,NSE,EQ,EQ,buy,False,15,501.3,405186954,1200000022868125,2024-08-12T11:01:53
DELHIVERY,INE148O01028,2024-08-12,NSE,EQ,EQ,buy,False,20,408.75,204535620,1100000024345776,2024-08-12T11:03:18
RELIANCE,INE002A01018,2024-08-12,NSE,EQ,EQ,buy,False,2,2930.0,606874105,1300000024249383,2024-08-12T11:06:13
INDIGO,INE646L01027,2024-08-12,NSE,EQ,EQ,buy,False,1,4256.0,207506208,1100000025518743,2024-08-12T11:11:15
PHARMABEES,INF204KC1089,2024-08-12,NSE,EQ,EQ,buy,False,102,22.68,409767045,1200000051869978,2024-08-12T14:07:41
PHARMABEES,INF204KC1089,2024-08-12,NSE,EQ,EQ,buy,False,48,22.68,409748795,1200000051869978,2024-08-12T14:07:41
PFC,INE134E01011,2024-08-16,NSE,EQ,EQ,buy,False,10,492.2,403498518,1200000017411026,2024-08-16T10:22:03
ADANIPOWER,INE814H01011,2024-08-16,NSE,EQ,EQ,buy,False,10,674.0,2187366,1000000012477057,2024-08-16T10:24:09
ZOMATO,INE758T01015,2024-08-16,NSE,EQ,EQ,buy,False,3,257.96,603163927,1300000014381552,2024-08-16T10:25:45
JPPOWER,INE351F01018,2024-08-16,BSE,EQ,A,buy,False,200,17.66,69138200,1723784138382359621,2024-08-16T10:27:19
SHRIRAMFIN,INE721A01013,2024-08-16,BSE,EQ,A,buy,False,2,2947.0,3798900,1723781930307904304,2024-08-16T10:38:47
HDFCNIF100,INF179KC1HR4,2024-08-16,NSE,EQ,EQ,buy,False,1,25.82,203457247,1100000019059738,2024-08-16T10:40:26
HDFCNIF100,INF179KC1HR4,2024-08-16,NSE,EQ,EQ,buy,False,499,25.82,203457248,1100000019059738,2024-08-16T10:40:26
HDFCSML250,INF179KC1FB2,2024-08-16,NSE,EQ,EQ,buy,False,20,173.78,203457321,1100000019060285,2024-08-16T10:40:26
MOM100,INF247L01023,2024-08-16,NSE,EQ,EQ,buy,False,120,61.11,404072545,1200000020634813,2024-08-16T10:40:26
SETFNN50,INF200KA1598,2024-08-16,NSE,EQ,EQ,buy,False,10,762.16,603552195,1300000016397527,2024-08-16T10:40:26
MOTILALOFS,INE338I01027,2024-08-16,NSE,EQ,EQ,buy,False,16,624.85,409280373,1200000046672117,2024-08-16T14:11:41
ZOMATO,INE758T01015,2024-08-20,BSE,EQ,A,buy,False,3,259.65,98291900,1724131727369417107,2024-08-20T11:01:55
BIRET-RR,INE0FDU25010,2024-08-20,NSE,EQ,RR,buy,False,25,267.06,3343409,1000000017082671,2024-08-20T11:04:31
DELHIVERY,INE148O01028,2024-08-20,BSE,EQ,A,buy,False,8,440.05,100117400,1724132065278386696,2024-08-20T11:07:51
KANSAINER,INE531A01024,2024-08-20,BSE,EQ,A,sell,False,43,297.4,1345200,1724129586160432516,2024-08-20T11:10:53
ADANIPOWER,INE814H01011,2024-08-20,NSE,EQ,EQ,buy,False,7,696.55,3136338,1000000017775430,2024-08-20T11:11:34
PFC,INE134E01011,2024-08-20,NSE,EQ,EQ,buy,False,11,511.7,404918067,1200000023867265,2024-08-20T11:12:54
MASPTOP50,INF769K01HP3,2024-08-20,NSE,EQ,EQ,buy,False,150,43.6,405091234,1200000024811581,2024-08-20T11:19:26
MASPTOP50,INF769K01HP3,2024-08-20,NSE,EQ,EQ,buy,False,410,43.6,405114075,1200000024811581,2024-08-20T11:19:26
LIQUIDCASE-F,INF0R8F01034,2024-08-20,BSE,EQ,F,sell,False,500,103.85,75700,1724125500014231018,2024-08-20T11:24:47
SGBJUN31I-GB,IN0020230069,2024-08-20,NSE,EQ,GB,sell,False,1,7837.39,604660885,1300000022434093,2024-08-20T11:29:01
ARE&M,INE885A01032,2024-08-20,BSE,EQ,A,buy,False,3,1531.0,4449000,1724133390752048073,2024-08-20T11:31:30
ARE&M,INE885A01032,2024-08-20,BSE,EQ,A,buy,False,2,1531.0,4449200,1724133390752048073,2024-08-20T11:31:30
HDFCAMC,INE127D01025,2024-08-20,NSE,EQ,EQ,buy,False,2,4278.5,204544308,1100000025300413,2024-08-20T11:38:20
HDFCAMC,INE127D01025,2024-08-20,NSE,EQ,EQ,buy,False,5,4278.5,204543126,1100000025300413,2024-08-20T11:38:20
RECLTD,INE020B01018,2024-08-20,NSE,EQ,EQ,buy,False,18,595.0,605102246,1300000024818632,2024-08-20T11:50:46
SGBJUN31I-GB,IN0020230069,2024-08-20,NSE,EQ,GB,sell,False,2,7842.0,606604838,1300000022434093,2024-08-20T13:12:13
SHRIRAMFIN,INE721A01013,2024-08-20,NSE,EQ,EQ,buy,False,2,3159.8,606623779,1300000033005750,2024-08-20T13:13:24
ITC,INE154A01025,2024-08-20,NSE,EQ,EQ,buy,False,10,499.1,206396940,1100000035185994,2024-08-20T13:14:30
HDFCAMC,INE127D01025,2024-08-21,NSE,EQ,EQ,sell,False,7,4336.5,203410917,1100000018571148,2024-08-21T10:47:50
MOTILALOFS,INE338I01027,2024-08-21,NSE,EQ,EQ,buy,False,20,698.0,404278345,1200000020931307,2024-08-21T10:56:16
JPPOWER,INE351F01018,2024-08-21,BSE,EQ,A,buy,False,529,18.26,86383100,1724218091509102470,2024-08-21T10:59:29
JPPOWER,INE351F01018,2024-08-21,BSE,EQ,A,buy,False,71,18.26,85899800,1724218091509102470,2024-08-21T10:59:29
ZOMATO,INE758T01015,2024-08-21,NSE,EQ,EQ,buy,False,22,261.33,603824572,1300000018264460,2024-08-21T11:02:52
RELIANCE,INE002A01018,2024-08-21,BSE,EQ,A,buy,False,1,3004.75,3693600,1724217116583334916,2024-08-21T11:07:33
ADANIPOWER,INE814H01011,2024-08-21,NSE,EQ,EQ,buy,False,15,698.65,3492085,1000000019281117,2024-08-21T11:08:28
ARE&M,INE885A01032,2024-08-21,NSE,EQ,EQ,buy,False,5,1551.0,3596771,1000000019804495,2024-08-21T11:12:11
PHARMABEES,INF204KC1089,2024-08-21,NSE,EQ,EQ,sell,False,1,22.98,404730241,1200000023395510,2024-08-21T11:13:45
PHARMABEES,INF204KC1089,2024-08-21,NSE,EQ,EQ,sell,False,100,22.98,404730242,1200000023395510,2024-08-21T11:13:45
PHARMABEES,INF204KC1089,2024-08-21,NSE,EQ,EQ,sell,False,13,22.98,404730243,1200000023395510,2024-08-21T11:13:45
PHARMABEES,INF204KC1089,2024-08-21,NSE,EQ,EQ,sell,False,3,22.98,404730244,1200000023395510,2024-08-21T11:13:45
PHARMABEES,INF204KC1089,2024-08-21,NSE,EQ,EQ,sell,False,174,22.98,404730238,1200000023395510,2024-08-21T11:13:45
PHARMABEES,INF204KC1089,2024-08-21,NSE,EQ,EQ,sell,False,10,22.98,404730246,1200000023395510,2024-08-21T11:13:45
PHARMABEES,INF204KC1089,2024-08-21,NSE,EQ,EQ,sell,False,100,22.98,404730247,1200000023395510,2024-08-21T11:13:45
PHARMABEES,INF204KC1089,2024-08-21,NSE,EQ,EQ,sell,False,1175,22.98,404730248,1200000023395510,2024-08-21T11:13:45
PHARMABEES,INF204KC1089,2024-08-21,NSE,EQ,EQ,sell,False,1,22.98,404730245,1200000023395510,2024-08-21T11:13:45
PHARMABEES,INF204KC1089,2024-08-21,NSE,EQ,EQ,sell,False,22,22.98,404730239,1200000023395510,2024-08-21T11:13:45
PHARMABEES,INF204KC1089,2024-08-21,NSE,EQ,EQ,sell,False,51,22.98,404730240,1200000023395510,2024-08-21T11:13:45
ITC,INE154A01025,2024-08-21,BSE,EQ,A,sell,False,57,503.45,2324300,1724215734670604170,2024-08-21T11:15:06
BIRET-IF,INE0FDU25010,2024-08-21,BSE,EQ,IF,buy,False,15,267.85,369700,1724211000018020859,2024-08-21T11:18:51
BIRET-IF,INE0FDU25010,2024-08-21,BSE,EQ,IF,buy,False,29,267.85,415800,1724211000018020859,2024-08-21T11:18:51
BIRET-IF,INE0FDU25010,2024-08-21,BSE,EQ,IF,buy,False,1,267.85,398700,1724211000018020859,2024-08-21T11:18:51
BIRET-IF,INE0FDU25010,2024-08-21,BSE,EQ,IF,buy,False,1,267.85,379200,1724211000018020859,2024-08-21T11:18:51
BIRET-IF,INE0FDU25010,2024-08-21,BSE,EQ,IF,buy,False,4,267.85,344200,1724211000018020859,2024-08-21T11:18:51
LICI,INE0J1Y01017,2024-08-21,NSE,EQ,EQ,buy,False,10,1076.55,404944433,1200000024624742,2024-08-21T11:23:24
MASPTOP50,INF769K01HP3,2024-08-21,BSE,EQ,B,buy,False,1,43.47,1737800,1724211900009965532,2024-08-21T11:26:37
MASPTOP50,INF769K01HP3,2024-08-21,BSE,EQ,B,buy,False,199,43.5,1738000,1724211900009965532,2024-08-21T11:26:37
INDUSTOWER,INE121J01017,2024-08-21,NSE,EQ,EQ,buy,False,15,426.95,204416542,1100000023723686,2024-08-21T11:29:49
MIDSMALL,INF769K01LJ8,2024-08-21,NSE,EQ,EQ,buy,False,100,54.3,405656286,1200000028945017,2024-08-21T12:00:11
ALPHA,INF174KA1IA5,2024-08-21,NSE,EQ,EQ,buy,False,100,57.08,405669205,1200000028944739,2024-08-21T12:00:49
LICI,INE0J1Y01017,2024-08-22,NSE,EQ,EQ,buy,False,1,1080.9,403869992,1200000020145453,2024-08-22T10:48:47
LICI,INE0J1Y01017,2024-08-22,NSE,EQ,EQ,buy,False,3,1080.9,403869993,1200000020145453,2024-08-22T10:48:47
LICI,INE0J1Y01017,2024-08-22,NSE,EQ,EQ,buy,False,6,1080.9,403869991,1200000020145453,2024-08-22T10:48:47
ALPHA,INF174KA1IA5,2024-08-22,NSE,EQ,EQ,buy,False,100,57.2,403975794,1200000020698157,2024-08-22T10:53:01
MIDSMALL,INF769K01LJ8,2024-08-22,NSE,EQ,EQ,buy,False,100,54.45,404076136,1200000020698493,2024-08-22T10:56:00
INDIGO,INE646L01027,2024-08-23,NSE,EQ,EQ,buy,False,3,4625.0,203020783,1100000016077837,2024-08-23T10:37:55
LICI,INE0J1Y01017,2024-08-23,BSE,EQ,A,buy,False,8,1069.1,4468200,1724388818584326993,2024-08-23T10:44:13
GICRE,INE481Y01014,2024-08-23,NSE,EQ,EQ,buy,False,35,409.3,203602616,1100000018631547,2024-08-23T10:54:17
DELHIVERY,INE148O01028,2024-08-23,NSE,EQ,EQ,buy,False,10,426.65,205674581,1100000017120194,2024-08-23T12:59:30
JIOFIN,INE758E01017,2024-08-27,NSE,EQ,EQ,sell,False,28,324.45,404568914,1200000025440412,2024-08-27T11:25:15
JIOFIN,INE758E01017,2024-08-27,NSE,EQ,EQ,sell,False,10,324.45,404568892,1200000025440412,2024-08-27T11:25:15
JIOFIN,INE758E01017,2024-08-27,NSE,EQ,EQ,sell,False,5,324.45,404568712,1200000025440412,2024-08-27T11:25:15
SETFNIF50,INF200KA1FS1,2024-08-27,BSE,EQ,B,sell,False,2,264.1,1954200,1724737157068144557,2024-08-27T11:27:51
SETFNIF50,INF200KA1FS1,2024-08-27,BSE,EQ,B,sell,False,1,264.1,1945000,1724737157068144557,2024-08-27T11:27:51
SETFNIF50,INF200KA1FS1,2024-08-27,BSE,EQ,B,sell,False,49,264.1,1934500,1724737157068144557,2024-08-27T11:27:51
SETFNIF50,INF200KA1FS1,2024-08-27,BSE,EQ,B,sell,False,20,264.1,1895100,1724737157068144557,2024-08-27T11:27:51
SETFNIF50,INF200KA1FS1,2024-08-27,BSE,EQ,B,sell,False,5,264.1,1893000,1724737157068144557,2024-08-27T11:27:51
HDFCNIF100,INF179KC1HR4,2024-08-27,NSE,EQ,EQ,sell,False,5,26.62,204620155,1100000024661217,2024-08-27T11:52:21
HDFCNIF100,INF179KC1HR4,2024-08-27,NSE,EQ,EQ,sell,False,6,26.62,204534636,1100000024661217,2024-08-27T11:52:21
HDFCNIF100,INF179KC1HR4,2024-08-27,NSE,EQ,EQ,sell,False,4,26.62,204608946,1100000024661217,2024-08-27T11:52:21
HDFCNIF100,INF179KC1HR4,2024-08-27,NSE,EQ,EQ,sell,False,1,26.62,204609223,1100000024661217,2024-08-27T11:52:21
HDFCNIF100,INF179KC1HR4,2024-08-27,NSE,EQ,EQ,sell,False,11,26.62,204740948,1100000024661217,2024-08-27T11:52:21
HDFCNIF100,INF179KC1HR4,2024-08-27,NSE,EQ,EQ,sell,False,2,26.62,204769614,1100000024661217,2024-08-27T11:52:21
HDFCNIF100,INF179KC1HR4,2024-08-27,NSE,EQ,EQ,sell,False,20,26.62,204953403,1100000024661217,2024-08-27T11:52:21
HDFCNIF100,INF179KC1HR4,2024-08-27,NSE,EQ,EQ,sell,False,2,26.62,205000404,1100000024661217,2024-08-27T11:52:21
HDFCNIF100,INF179KC1HR4,2024-08-27,NSE,EQ,EQ,sell,False,11,26.62,204955963,1100000024661217,2024-08-27T11:52:21
HDFCNIF100,INF179KC1HR4,2024-08-27,NSE,EQ,EQ,sell,False,2,26.62,204964827,1100000024661217,2024-08-27T11:52:21
HDFCNIF100,INF179KC1HR4,2024-08-27,NSE,EQ,EQ,sell,False,5,26.62,205089274,1100000024661217,2024-08-27T11:52:21
HDFCNIF100,INF179KC1HR4,2024-08-27,NSE,EQ,EQ,sell,False,100,26.62,205098939,1100000024661217,2024-08-27T11:52:21
HDFCNIF100,INF179KC1HR4,2024-08-27,NSE,EQ,EQ,sell,False,23,26.62,205146881,1100000024661217,2024-08-27T11:52:21
HDFCNIF100,INF179KC1HR4,2024-08-27,NSE,EQ,EQ,sell,False,120,26.62,205156218,1100000024661217,2024-08-27T11:52:21
HDFCNIF100,INF179KC1HR4,2024-08-27,NSE,EQ,EQ,sell,False,1,26.62,205176441,1100000024661217,2024-08-27T11:52:21
HDFCNIF100,INF179KC1HR4,2024-08-27,NSE,EQ,EQ,sell,False,3,26.62,205189550,1100000024661217,2024-08-27T11:52:21
HDFCNIF100,INF179KC1HR4,2024-08-27,NSE,EQ,EQ,sell,False,2,26.62,205290861,1100000024661217,2024-08-27T11:52:21
HDFCNIF100,INF179KC1HR4,2024-08-27,NSE,EQ,EQ,sell,False,1,26.62,205291154,1100000024661217,2024-08-27T11:52:21
HDFCNIF100,INF179KC1HR4,2024-08-27,NSE,EQ,EQ,sell,False,31,26.62,205372749,1100000024661217,2024-08-27T11:52:21
MAFANG,INF769K01HF4,2024-08-27,NSE,EQ,EQ,buy,False,45,94.77,405390271,1200000030352327,2024-08-27T12:06:49
MAFANG,INF769K01HF4,2024-08-27,NSE,EQ,EQ,buy,False,86,94.77,405408880,1200000030352327,2024-08-27T12:06:49
MAFANG,INF769K01HF4,2024-08-27,NSE,EQ,EQ,buy,False,1,94.77,405408881,1200000030352327,2024-08-27T12:06:49
MAFANG,INF769K01HF4,2024-08-27,NSE,EQ,EQ,buy,False,68,94.77,405408882,1200000030352327,2024-08-27T12:06:49
MAFANG,INF769K01HF4,2024-08-27,NSE,EQ,EQ,buy,False,80,94.67,405557529,1200000031326156,2024-08-27T12:15:44
MAFANG,INF769K01HF4,2024-08-27,NSE,EQ,EQ,buy,False,90,94.84,407428727,1200000042807999,2024-08-27T14:01:33
MAFANG,INF769K01HF4,2024-08-28,NSE,EQ,EQ,buy,False,100,94.4,408567686,1200000029583258,2024-08-28T14:35:51
ACC,INE012A01025,2024-08-29,BSE,EQ,A,sell,False,3,2297.05,11184600,1724914136508098614,2024-08-29T12:24:57
ACC,INE012A01025,2024-08-29,BSE,EQ,A,sell,False,1,2297.1,11184300,1724914136508098614,2024-08-29T12:24:57
ACC,INE012A01025,2024-08-29,BSE,EQ,A,sell,False,5,2297.2,11183800,1724914136508098614,2024-08-29T12:24:57
ACC,INE012A01025,2024-08-29,BSE,EQ,A,sell,False,5,2297.15,11184100,1724914136508098614,2024-08-29T12:24:57
GICRE,INE481Y01014,2024-08-29,NSE,EQ,EQ,sell,False,4,405.7,205704692,1100000033296109,2024-08-29T12:25:18
GICRE,INE481Y01014,2024-08-29,NSE,EQ,EQ,sell,False,31,405.65,205704693,1100000033296109,2024-08-29T12:25:18
LLOYDSME,INE281B01032,2024-08-29,NSE,EQ,EQ,buy,False,45,769.15,406385592,1200000036049258,2024-08-29T12:44:57
HDFCNIF100,INF179KC1HR4,2024-08-29,NSE,EQ,EQ,sell,False,96,26.59,206802658,1100000040104882,2024-08-29T13:18:30
HDFCNIF100,INF179KC1HR4,2024-08-29,NSE,EQ,EQ,sell,False,10,26.57,206802661,1100000040104882,2024-08-29T13:18:30
HDFCNIF100,INF179KC1HR4,2024-08-29,NSE,EQ,EQ,sell,False,10,26.57,206802660,1100000040104882,2024-08-29T13:18:30
HDFCNIF100,INF179KC1HR4,2024-08-29,NSE,EQ,EQ,sell,False,5,26.58,206802659,1100000040104882,2024-08-29T13:18:30
HDFCNIF100,INF179KC1HR4,2024-08-29,NSE,EQ,EQ,sell,False,7,26.6,206802657,1100000040104882,2024-08-29T13:18:30
HDFCNIF100,INF179KC1HR4,2024-08-29,NSE,EQ,EQ,sell,False,872,26.56,206802662,1100000040104882,2024-08-29T13:18:30
SETFNIF50,INF200KA1FS1,2024-08-29,NSE,EQ,EQ,buy,False,87,264.8,606651226,1300000035841195,2024-08-29T13:24:13
HDFCNIF100,INF179KC1HR4,2024-08-29,NSE,EQ,EQ,sell,False,904,26.56,206918801,1100000041019564,2024-08-29T13:24:52
HDFCNIF100,INF179KC1HR4,2024-08-29,NSE,EQ,EQ,sell,False,96,26.57,206918800,1100000041019564,2024-08-29T13:24:52
SETFNIF50,INF200KA1FS1,2024-08-29,NSE,EQ,EQ,buy,False,80,264.8,606678596,1300000036373388,2024-08-29T13:25:55
HDFCNIF100,INF179KC1HR4,2024-08-29,NSE,EQ,EQ,sell,False,50,26.66,207535840,1100000043260449,2024-08-29T13:45:17
HDFCNIF100,INF179KC1HR4,2024-08-29,NSE,EQ,EQ,sell,False,1,26.66,207522594,1100000043260449,2024-08-29T13:45:17
HDFCNIF100,INF179KC1HR4,2024-08-29,NSE,EQ,EQ,sell,False,1,26.66,207529539,1100000043260449,2024-08-29T13:45:17
HDFCNIF100,INF179KC1HR4,2024-08-29,NSE,EQ,EQ,sell,False,1,26.66,207529540,1100000043260449,2024-08-29T13:45:17
HDFCNIF100,INF179KC1HR4,2024-08-29,NSE,EQ,EQ,sell,False,1,26.66,207529541,1100000043260449,2024-08-29T13:45:17
HDFCNIF100,INF179KC1HR4,2024-08-29,NSE,EQ,EQ,sell,False,50,26.66,207535399,1100000043260449,2024-08-29T13:45:17
HDFCNIF100,INF179KC1HR4,2024-08-29,NSE,EQ,EQ,sell,False,1,26.66,207535400,1100000043260449,2024-08-29T13:45:17
HDFCNIF100,INF179KC1HR4,2024-08-29,NSE,EQ,EQ,sell,False,1,26.66,207535599,1100000043260449,2024-08-29T13:45:17
HDFCNIF100,INF179KC1HR4,2024-08-29,NSE,EQ,EQ,sell,False,1,26.66,207535600,1100000043260449,2024-08-29T13:45:17
HDFCNIF100,INF179KC1HR4,2024-08-29,NSE,EQ,EQ,sell,False,50,26.66,207535605,1100000043260449,2024-08-29T13:45:17
HDFCNIF100,INF179KC1HR4,2024-08-29,NSE,EQ,EQ,sell,False,1,26.66,207535606,1100000043260449,2024-08-29T13:45:17
HDFCNIF100,INF179KC1HR4,2024-08-29,NSE,EQ,EQ,sell,False,50,26.66,207535703,1100000043260449,2024-08-29T13:45:17
HDFCNIF100,INF179KC1HR4,2024-08-29,NSE,EQ,EQ,sell,False,50,26.66,207535704,1100000043260449,2024-08-29T13:45:17
HDFCNIF100,INF179KC1HR4,2024-08-29,NSE,EQ,EQ,sell,False,1,26.66,207535705,1100000043260449,2024-08-29T13:45:17
HDFCNIF100,INF179KC1HR4,2024-08-29,NSE,EQ,EQ,sell,False,50,26.66,207535839,1100000043260449,2024-08-29T13:45:17
HDFCNIF100,INF179KC1HR4,2024-08-29,NSE,EQ,EQ,sell,False,1,26.66,207535841,1100000043260449,2024-08-29T13:45:17
HDFCNIF100,INF179KC1HR4,2024-08-29,NSE,EQ,EQ,sell,False,50,26.66,207535938,1100000043260449,2024-08-29T13:45:17
HDFCNIF100,INF179KC1HR4,2024-08-29,NSE,EQ,EQ,sell,False,1,26.66,207535939,1100000043260449,2024-08-29T13:45:17
HDFCNIF100,INF179KC1HR4,2024-08-29,NSE,EQ,EQ,sell,False,50,26.66,207535940,1100000043260449,2024-08-29T13:45:17
HDFCNIF100,INF179KC1HR4,2024-08-29,NSE,EQ,EQ,sell,False,1,26.66,207535941,1100000043260449,2024-08-29T13:45:17
HDFCNIF100,INF179KC1HR4,2024-08-29,NSE,EQ,EQ,sell,False,50,26.66,207536225,1100000043260449,2024-08-29T13:45:17
HDFCNIF100,INF179KC1HR4,2024-08-29,NSE,EQ,EQ,sell,False,38,26.66,207536226,1100000043260449,2024-08-29T13:45:17
ARE&M,INE885A01032,2024-08-29,BSE,EQ,A,sell,False,19,1519.45,7970400,1724916514352595114,2024-08-29T13:54:15
SETFNIF50,INF200KA1FS1,2024-08-29,NSE,EQ,EQ,buy,False,88,264.75,607250193,1300000040049963,2024-08-29T13:55:24
DELHIVERY,INE148O01028,2024-08-29,NSE,EQ,EQ,buy,False,10,419.65,207589548,1100000045166186,2024-08-29T14:01:57
ZOMATO,INE758T01015,2024-08-29,NSE,EQ,EQ,buy,False,7,249.93,607452087,1300000041203973,2024-08-29T14:03:08
ANGELONE,INE732I01013,2024-08-29,NSE,EQ,EQ,buy,False,1,2582.0,6620970,1000000040287252,2024-08-29T14:06:31
HDFCNIF100,INF179KC1HR4,2024-08-29,NSE,EQ,EQ,sell,False,10,26.65,208033258,1100000047825487,2024-08-29T14:16:23
HDFCNIF100,INF179KC1HR4,2024-08-29,NSE,EQ,EQ,sell,False,10,26.65,208033257,1100000047825487,2024-08-29T14:16:23
HDFCNIF100,INF179KC1HR4,2024-08-29,NSE,EQ,EQ,sell,False,10,26.65,208033256,1100000047825487,2024-08-29T14:16:23
HDFCNIF100,INF179KC1HR4,2024-08-29,NSE,EQ,EQ,sell,False,2,26.67,208103265,1100000047825487,2024-08-29T14:17:14
ANGELONE,INE732I01013,2024-08-29,NSE,EQ,EQ,buy,False,1,2589.95,6870910,1000000042008981,2024-08-29T14:18:18
SETFNIF50,INF200KA1FS1,2024-08-29,NSE,EQ,EQ,buy,False,4,264.0,607947104,1300000044178616,2024-08-29T14:19:10
HDFCNIF100,INF179KC1HR4,2024-08-30,BSE,EQ,B,sell,False,1500,26.8,2041200,1724989500037956562,2024-08-30T11:07:26
SETFNIF50,INF200KA1FS1,2024-08-30,BSE,EQ,B,buy,False,140,265.75,3714000,1724996179932043459,2024-08-30T11:12:38
SETFNIF50,INF200KA1FS1,2024-08-30,BSE,EQ,B,buy,False,10,265.56,2300700,1724996179932043459,2024-08-30T11:12:38
ANGELONE,INE732I01013,2024-08-30,BSE,EQ,A,buy,False,5,2590.9,87510300,1724996718118717344,2024-08-30T11:27:11
MIDSMALL,INF769K01LJ8,2024-08-30,BSE,EQ,B,buy,False,70,55.0,3882900,1724996179932627697,2024-08-30T13:05:40
HDFCNIF100,INF179KC1HR4,2024-08-30,BSE,EQ,B,sell,False,753,26.8,3886700,1724996179932812149,2024-08-30T13:09:28
SETFNN50,INF200KA1598,2024-08-30,NSE,EQ,EQ,buy,False,24,797.07,606037488,1300000032218378,2024-08-30T13:11:19
LICI,INE0J1Y01017,2024-08-30,BSE,EQ,A,sell,False,17,1069.6,6033600,1725000698658847107,2024-08-30T13:47:51
LICI,INE0J1Y01017,2024-08-30,BSE,EQ,A,sell,False,1,1069.7,6033200,1725000698658847107,2024-08-30T13:47:51
LICI,INE0J1Y01017,2024-08-30,BSE,EQ,A,sell,False,10,1069.65,6033400,1725000698658847107,2024-08-30T13:47:51
MOVALUE,INF247L01BE5,2024-08-30,NSE,EQ,EQ,buy,False,225,111.4,406991494,1200000040427714,2024-08-30T13:49:45
INDUSTOWER,INE121J01017,2024-09-02,BSE,EQ,A,sell,False,66,440.7,5093000,1725253191183677401,2024-09-02T11:10:19
INDUSTOWER,INE121J01017,2024-09-02,BSE,EQ,A,sell,False,14,440.75,5092600,1725253191183677401,2024-09-02T11:10:19
INDIGO,INE646L01027,2024-09-02,NSE,EQ,EQ,buy,False,3,4800.05,204807383,1100000025479586,2024-09-02T11:13:22
PFC,INE134E01011,2024-09-02,BSE,EQ,A,buy,False,6,549.45,2346200,1725255422614080155,2024-09-02T11:14:39
PFC,INE134E01011,2024-09-02,BSE,EQ,A,buy,False,1,549.45,2323300,1725255422614080155,2024-09-02T11:14:39
PFC,INE134E01011,2024-09-02,BSE,EQ,A,buy,False,8,549.45,2346400,1725255422614080155,2024-09-02T11:14:39
RECLTD,INE020B01018,2024-09-02,BSE,EQ,A,buy,False,15,617.75,5829200,1725254529548326868,2024-09-02T11:15:04
DELHIVERY,INE148O01028,2024-09-02,NSE,EQ,EQ,buy,False,17,418.0,205704824,1100000030637891,2024-09-02T11:52:42
MOVALUE,INF247L01BE5,2024-09-02,NSE,EQ,EQ,buy,False,50,111.3,405470554,1200000031183198,2024-09-02T12:05:54
NAVA,INE725A01022,2024-09-03,NSE,EQ,EQ,buy,False,6,944.0,402745929,1200000014339368,2024-09-03T10:21:08
IXIGO,INE0HV901016,2024-09-03,NSE,EQ,EQ,buy,False,15,159.14,205196283,1100000029175959,2024-09-03T12:33:30
ZOMATO,INE758T01015,2024-09-04,BSE,EQ,A,sell,False,154,243.4,69031600,1725426436758966968,2024-09-04T10:42:12
LTGILTBEES,INF204KB1882,2024-09-04,NSE,EQ,EQ,buy,False,700,26.52,404516728,1200000023333922,2024-09-04T10:54:27
GOLDIETF,INF109KC1NT3,2024-09-04,NSE,EQ,EQ,buy,False,55,62.06,203797373,1100000020837150,2024-09-04T10:56:10
LEMONTREE,INE970X01018,2024-09-05,NSE,EQ,EQ,buy,False,5,131.3,404638133,1200000023842637,2024-09-05T11:09:20
LEMONTREE,INE970X01018,2024-09-05,NSE,EQ,EQ,buy,False,1,131.3,404672704,1200000023842637,2024-09-05T11:09:20
LEMONTREE,INE970X01018,2024-09-05,NSE,EQ,EQ,buy,False,1,131.3,404675061,1200000023842637,2024-09-05T11:09:20
LEMONTREE,INE970X01018,2024-09-05,NSE,EQ,EQ,buy,False,1,131.3,404631786,1200000023842637,2024-09-05T11:09:20
LEMONTREE,INE970X01018,2024-09-05,NSE,EQ,EQ,buy,False,18,131.3,404675042,1200000023842637,2024-09-05T11:09:20
LEMONTREE,INE970X01018,2024-09-05,NSE,EQ,EQ,buy,False,1,131.3,404672963,1200000023842637,2024-09-05T11:09:20
LEMONTREE,INE970X01018,2024-09-05,NSE,EQ,EQ,buy,False,3,131.3,404675315,1200000023842637,2024-09-05T11:09:20
GOLDIETF,INF109KC1NT3,2024-09-05,NSE,EQ,EQ,buy,False,10,62.05,203515795,1100000019717876,2024-09-05T11:12:55
GILT5YBEES,INF204KC1030,2024-09-05,NSE,EQ,EQ,buy,False,45,57.52,404874034,1200000024559319,2024-09-05T11:17:46
IXIGO,INE0HV901016,2024-09-05,NSE,EQ,EQ,buy,False,6,160.05,204673069,1100000026477196,2024-09-05T12:15:45
ALPHA,INF174KA1IA5,2024-09-06,NSE,EQ,EQ,sell,False,55,57.44,400723519,1200000003123369,2024-09-06T09:21:54
ALPHA,INF174KA1IA5,2024-09-06,NSE,EQ,EQ,sell,False,145,57.44,400712081,1200000003123369,2024-09-06T09:21:54
GILT5YBEES,INF204KC1030,2024-09-06,NSE,EQ,EQ,buy,False,37,57.57,401193612,1200000005493069,2024-09-06T09:30:14
GOLDIETF,INF109KC1NT3,2024-09-06,NSE,EQ,EQ,buy,False,29,62.45,201196679,1100000006066646,2024-09-06T09:33:46
IXIGO,INE0HV901016,2024-09-06,NSE,EQ,EQ,buy,False,19,158.92,201428355,1100000007159138,2024-09-06T09:40:00
BIRET-RR,INE0FDU25010,2024-09-06,NSE,EQ,RR,buy,False,8,267.99,1143658,1000000006483718,2024-09-06T09:42:03
LEMONTREE,INE970X01018,2024-09-06,BSE,EQ,A,buy,False,1,131.5,717500,1725593400104388761,2024-09-06T09:44:31
LEMONTREE,INE970X01018,2024-09-06,BSE,EQ,A,buy,False,1,131.5,724900,1725593400104388761,2024-09-06T09:44:31
MASPTOP50,INF769K01HP3,2024-09-06,BSE,EQ,B,sell,False,10,42.51,11062200,1725609865070939004,2024-09-06T15:06:42
MASPTOP50,INF769K01HP3,2024-09-06,BSE,EQ,B,sell,False,34,42.51,11062100,1725609865070939004,2024-09-06T15:06:42
MASPTOP50,INF769K01HP3,2024-09-06,BSE,EQ,B,sell,False,15,42.51,11086900,1725609865070939004,2024-09-06T15:06:42
MASPTOP50,INF769K01HP3,2024-09-06,BSE,EQ,B,sell,False,15,42.51,11087100,1725609865070939004,2024-09-06T15:06:42
MASPTOP50,INF769K01HP3,2024-09-06,BSE,EQ,B,sell,False,5,42.51,11112500,1725609865070939004,2024-09-06T15:06:42
MASPTOP50,INF769K01HP3,2024-09-06,BSE,EQ,B,sell,False,10,42.51,11062600,1725609865070939004,2024-09-06T15:06:42
MASPTOP50,INF769K01HP3,2024-09-06,BSE,EQ,B,sell,False,15,42.51,11177200,1725609865070939079,2024-09-06T15:09:50
MASPTOP50,INF769K01HP3,2024-09-06,BSE,EQ,B,sell,False,656,42.5,11178000,1725609865070939079,2024-09-06T15:09:50
VEDL,INE205A01025,2024-09-06,NSE,EQ,EQ,buy,False,52,459.95,610301127,1300000052095497,2024-09-06T15:10:41
GOLDIETF,INF109KC1NT3,2024-09-06,NSE,EQ,EQ,buy,False,25,62.48,210440345,1100000058899239,2024-09-06T15:11:36
LTGILTBEES,INF204KB1882,2024-09-09,NSE,EQ,EQ,buy,False,250,26.58,401737645,1200000008278952,2024-09-09T09:34:32
GOLDIETF,INF109KC1NT3,2024-09-09,NSE,EQ,EQ,buy,False,25,62.11,202160744,1100000011597565,2024-09-09T09:49:03
RECLTD,INE020B01018,2024-09-09,BSE,EQ,A,sell,False,12,592.4,4849400,1725855494528268342,2024-09-09T09:59:46
RECLTD,INE020B01018,2024-09-09,BSE,EQ,A,sell,False,1,592.4,4847600,1725855494528268342,2024-09-09T09:59:46
RECLTD,INE020B01018,2024-09-09,BSE,EQ,A,sell,False,29,592.4,4853300,1725855494528268342,2024-09-09T09:59:46
RECLTD,INE020B01018,2024-09-09,BSE,EQ,A,sell,False,12,592.4,4849200,1725855494528268342,2024-09-09T09:59:46
RECLTD,INE020B01018,2024-09-09,BSE,EQ,A,sell,False,12,592.4,4849600,1725855494528268342,2024-09-09T09:59:46
RECLTD,INE020B01018,2024-09-09,BSE,EQ,A,sell,False,12,592.4,4849800,1725855494528268342,2024-09-09T09:59:46
RECLTD,INE020B01018,2024-09-09,BSE,EQ,A,sell,False,12,592.4,4850000,1725855494528268342,2024-09-09T09:59:46
GICRE,INE481Y01014,2024-09-09,NSE,EQ,EQ,buy,False,1,389.75,202667811,1100000014747880,2024-09-09T10:02:48
GICRE,INE481Y01014,2024-09-09,NSE,EQ,EQ,buy,False,1,389.75,202667812,1100000014747880,2024-09-09T10:02:48
GICRE,INE481Y01014,2024-09-09,NSE,EQ,EQ,buy,False,63,389.75,202667813,1100000014747880,2024-09-09T10:02:48
PFC,INE134E01011,2024-09-09,NSE,EQ,EQ,buy,False,10,524.05,403239406,1200000016916988,2024-09-09T10:04:47
VEDL,INE205A01025,2024-09-09,BSE,EQ,A,buy,False,8,455.0,3893600,1725855901163190798,2024-09-09T10:06:39
LTGILTBEES,INF204KB1882,2024-09-09,NSE,EQ,EQ,buy,False,185,26.58,403344504,1200000017645499,2024-09-09T10:07:52
BIKAJI,INE00E101023,2024-09-09,NSE,EQ,EQ,buy,False,3,837.0,2202906,1000000013426136,2024-09-09T10:14:26
GILT5YBEES,INF204KC1030,2024-09-09,NSE,EQ,EQ,buy,False,25,57.57,403598141,1200000019290707,2024-09-09T10:15:18
LTFOODS,INE818H01020,2024-09-09,NSE,EQ,EQ,buy,False,1,385.55,203174387,1100000017977125,2024-09-09T10:19:17
MAFANG,INF769K01HF4,2024-09-09,BSE,EQ,B,buy,False,1,92.84,5864900,1725857666279626159,2024-09-09T11:26:33
BIKAJI,INE00E101023,2024-09-10,BSE,EQ,A,buy,False,5,871.35,38475800,1725941300633605398,2024-09-10T09:45:44
LTFOODS,INE818H01020,2024-09-10,BSE,EQ,A,buy,False,5,398.3,39343800,1725941725031427278,2024-09-10T09:48:28
PAYTM,INE982J01020,2024-09-10,BSE,EQ,A,buy,False,2,666.0,41687000,1725941725031815056,2024-09-10T09:50:36
LTGILTBEES,INF204KB1882,2024-09-10,NSE,EQ,EQ,buy,False,90,26.57,402152593,1200000010902064,2024-09-10T09:53:02
MAFANG,INF769K01HF4,2024-09-10,NSE,EQ,EQ,buy,False,5,93.18,409704644,1200000053855851,2024-09-10T14:57:49
585GS2030-GS,IN0020200294,2024-09-12,NSE,EQ,GS,sell,False,100,94.7,3393174,1000000023984115,2024-09-12T11:54:02
ANGELONE,INE732I01013,2024-09-12,BSE,EQ,A,buy,False,1,2391.8,91640400,1726122162620229206,2024-09-12T11:55:52
GOLDIETF,INF109KC1NT3,2024-09-12,NSE,EQ,EQ,buy,False,30,62.55,204445565,1100000029842273,2024-09-12T11:57:53
LEMONTREE,INE970X01018,2024-09-12,BSE,EQ,A,buy,False,4,130.15,1280900,1726118955504398745,2024-09-12T11:59:21
LEMONTREE,INE970X01018,2024-09-12,BSE,EQ,A,buy,False,15,130.15,1262700,1726118955504398745,2024-09-12T11:59:21
LEMONTREE,INE970X01018,2024-09-12,BSE,EQ,A,buy,False,2,130.3,1283500,1726118955504398745,2024-09-12T11:59:21
PHARMABEES,INF204KC1089,2024-09-12,NSE,EQ,EQ,buy,False,22,23.85,407833800,1200000051851422,2024-09-12T14:25:24
LEMONTREE,INE970X01018,2024-09-13,NSE,EQ,EQ,buy,False,14,131.75,400397800,1200000002084026,2024-09-13T09:19:12
GOLDETF,INF769K01JP9,2024-09-25,NSE,EQ,EQ,buy,False,10,74.53,402922617,1200000015761283,2024-09-25T10:13:54
GOLDETF,INF769K01JP9,2024-09-25,NSE,EQ,EQ,buy,False,10,74.53,402921323,1200000015761283,2024-09-25T10:13:54
GOLDETF,INF769K01JP9,2024-09-25,NSE,EQ,EQ,buy,False,10,74.53,402921843,1200000015761283,2024-09-25T10:13:54
GOLDETF,INF769K01JP9,2024-09-25,NSE,EQ,EQ,buy,False,10,74.53,402920216,1200000015761283,2024-09-25T10:13:54
GOLDETF,INF769K01JP9,2024-09-25,NSE,EQ,EQ,buy,False,10,74.53,402920685,1200000015761283,2024-09-25T10:13:54
GOLDETF,INF769K01JP9,2024-09-25,NSE,EQ,EQ,buy,False,10,74.46,403021042,1200000015922571,2024-09-25T10:14:44
GOLDETF,INF769K01JP9,2024-09-25,NSE,EQ,EQ,buy,False,40,74.52,403043858,1200000015922571,2024-09-25T10:18:03
GOLDETF,INF769K01JP9,2024-09-25,NSE,EQ,EQ,buy,False,4,74.5,403069615,1200000016692021,2024-09-25T10:18:44
GOLDETF,INF769K01JP9,2024-09-25,NSE,EQ,EQ,buy,False,1,74.5,403122573,1200000016692021,2024-09-25T10:18:44
GOLDETF,INF769K01JP9,2024-09-25,NSE,EQ,EQ,buy,False,45,74.5,403065751,1200000016692021,2024-09-25T10:18:44
GOLDIETF,INF109KC1NT3,2024-09-25,NSE,EQ,EQ,buy,False,58,65.55,202933323,1100000015836792,2024-09-25T10:23:42
